"id";"source_id";"kode_barang";"nama_barang";"expired_date";"no_lot";"qty";"qty_pcs";"qty_box";"input_by";"input_at";"wilayah";"tim_opname";"scan_code";"input_source";"created_at";"updated_at"
"1";"324";"QBAGJA01";"Bag Jagung Q235 - 1 kg";"1000-01-01";"-";"46374";"46374";"0";"Ahmad";"2026-07-04 09:07:21";"17";"2";"assets/qrcode/stockopname/OP_QATON09_324.png";NULL;"2026-07-04 02:07:21";NULL
"2";"3208";"ZZSARU15";"Sarung Atlas";"1000-01-01";"-";"1426";"1426";"0";"Anam";"2026-07-04 09:07:25";"16";"2";"assets/qrcode/stockopname/OP_QSARU02_3208.png";NULL;"2026-07-04 02:07:25";NULL
"3";"3214";"ZZSARU11";"Sarung Syngenta";"1000-01-01";"-";"166";"166";"0";"Anam";"2026-07-04 09:07:57";"16";"2";"assets/qrcode/stockopname/OP_ZZSARU11_3214.png";NULL;"2026-07-04 02:07:57";NULL
"4";"1710";"AMULS48";"Mulsa Ori Gajah 0.3 60 cm X 18 kg (Roll) Sample";"1000-01-01";"-";"1";"1";"0";"Sukma";"2026-07-04 09:08:13";"17";"1";"assets/qrcode/stockopname/OP_QMRQL01_1710.png";NULL;"2026-07-04 02:08:13";NULL
"6";"3240";"QUMBU03";"Umbul-umbul Piraklo";"1000-01-01";"-";"52";"52";"0";"Anam";"2026-07-04 09:08:28";"16";"2";"assets/qrcode/stockopname/OP_QUMBU03_3240.png";NULL;"2026-07-04 02:08:28";NULL
"7";"1712";"AMULS49";"Mulsa Ori Gajah 0.3 60 cm X 9 kg (Roll) Sample";"1000-01-01";"-";"1";"1";"0";"Sukma";"2026-07-04 09:08:29";"17";"1";"assets/qrcode/stockopname/OP_QMRGL03_1712.png";NULL;"2026-07-04 02:08:29";NULL
"8";"3239";"QUMBU05";"Umbul-umbul Elazaro";"1000-01-01";"-";"49";"49";"0";"Anam";"2026-07-04 09:08:38";"16";"2";"assets/qrcode/stockopname/OP_QUMBU05_3239.png";NULL;"2026-07-04 02:08:38";NULL
"9";"1719";"AMULS51";"Mulsa Ori Universal 0.25 60 cm X 9 kg (Roll) Sample";"1000-01-01";"-";"1";"1";"0";"Sukma";"2026-07-04 09:08:45";"17";"1";"assets/qrcode/stockopname/OP_QMRQL02_1719.png";NULL;"2026-07-04 02:08:45";NULL
"10";"3238";"QUMBU02";"Umbul-umbul Desanto";"1000-01-01";"-";"55";"55";"0";"Anam";"2026-07-04 09:08:47";"16";"2";"assets/qrcode/stockopname/OP_QUMBU02_3238.png";NULL;"2026-07-04 02:08:47";NULL
"11";"1256";"QKARU01";"Karung OPP Lami 10 kg Qiu Seed";"1000-01-01";"-";"17908";"17908";"0";"Ahmad";"2026-07-04 09:08:58";"17";"2";"assets/qrcode/stockopname/OP_QINKA02_1256.png";NULL;"2026-07-04 02:08:58";NULL
"12";"3106";"ZZEMBE01";"Ember Regent";"1000-01-01";"-";"14";"14";"0";"Anam";"2026-07-04 09:09:01";"16";"2";"assets/qrcode/stockopname/OP_ZZEMBE01_3106.png";NULL;"2026-07-04 02:09:01";NULL
"13";"1150";"AGWSA01";"GW Sanilan 12 X 998 ml";"1000-01-01";"-";"21";"21";"0";"Sukma";"2026-07-04 09:09:11";"17";"1";"assets/qrcode/stockopname/OP_QGLOV03_1150.png";NULL;"2026-07-04 02:09:11";NULL
"14";"3247";"ZZSTAN02";"Stand Fan Panalux";"1000-01-01";"-";"14";"14";"0";"Anam";"2026-07-04 09:09:13";"16";"2";"assets/qrcode/stockopname/OP_ZZSTAN02_3247.png";NULL;"2026-07-04 02:09:13";NULL
"15";"3148";"QKAOS17";"Kaos Futay";"1000-01-01";"-";"3500";"3500";"0";"Nila";"2026-07-04 09:09:21";"16";"1";"assets/qrcode/stockopname/OP_QKAOS17_3148.png";NULL;"2026-07-04 02:09:21";NULL
"16";"3217";"QSIGN01";"Sign Board Associate";"1000-01-01";"-";"55";"55";"0";"Anam";"2026-07-04 09:09:25";"16";"2";"assets/qrcode/stockopname/OP_QSIGN01_3217.png";NULL;"2026-07-04 02:09:25";NULL
"17";"3158";"ZZKAOS99";"Kaos Karisma Setia";"1000-01-01";"-";"37";"37";"0";"Anam";"2026-07-04 09:09:36";"16";"2";"assets/qrcode/stockopname/OP_ZZKAOS99_3158.png";NULL;"2026-07-04 02:09:36";NULL
"18";"3145";"ZZKAOS17";"Kaos EM-4";"1000-01-01";"-";"2650";"2650";"0";"Nila";"2026-07-04 09:09:39";"16";"1";"assets/qrcode/stockopname/OP_ZZKAOS17_3145.png";NULL;"2026-07-04 02:09:39";NULL
"19";"3080";"ZZBAJU01";"Baju Koko";"1000-01-01";"-";"15";"15";"0";"Anam";"2026-07-04 09:09:48";"16";"2";"assets/qrcode/stockopname/OP_ZZBAJU01_3080.png";NULL;"2026-07-04 02:09:48";NULL
"20";"3146";"ZZKAOS18";"Kaos Excel";"1000-01-01";"-";"1650";"1650";"0";"Nila";"2026-07-04 09:09:59";"16";"1";"assets/qrcode/stockopname/OP_ZZKAOS18_3146.png";NULL;"2026-07-04 02:09:59";NULL
"21";"3182";"ZZKAOS262";"Kaos Oblong Associate";"1000-01-01";"-";"2000";"2000";"0";"Anam";"2026-07-04 09:10:09";"16";"2";"assets/qrcode/stockopname/OP_QKAOS04_3182.png";NULL;"2026-07-04 02:10:09";NULL
"22";"3129";"ZZKAOS04";"Kaos Bactocyn Putih/New";"1000-01-01";"-";"324";"324";"0";"Nila";"2026-07-04 09:10:13";"16";"1";"assets/qrcode/stockopname/OP_ZZKAOS04_3129.png";NULL;"2026-07-04 02:10:13";NULL
"23";"3078";"ZZXBAN01";"X-Banner (Cling)";"1000-01-01";"-";"10";"10";"0";"Anam";"2026-07-04 09:10:23";"16";"2";"assets/qrcode/stockopname/OP_ZZXBAN01_3078.png";NULL;"2026-07-04 02:10:23";NULL
"25";"3175";"ZZKAOS201";"Kaos Mulsa Hanoman";"1000-01-01";"-";"53";"53";"0";"Anam";"2026-07-04 09:10:34";"16";"2";"assets/qrcode/stockopname/OP_ZZKAOS201_3175.png";NULL;"2026-07-04 02:10:34";NULL
"26";"3143";"ZZKAOS85";"Kaos Dekalb ( T Shirt Anak )";"1000-01-01";"-";"81";"81";"0";"Anam";"2026-07-04 09:10:43";"16";"2";"assets/qrcode/stockopname/OP_ZZKAOS85_3143.png";NULL;"2026-07-04 02:10:43";NULL
"27";"3131";"ZZKAOS101";"Kaos Bamex";"1000-01-01";"-";"810";"810";"0";"Nila";"2026-07-04 09:10:44";"16";"1";"assets/qrcode/stockopname/OP_QKAOS15_3131.png";NULL;"2026-07-04 02:10:44";NULL
"28";"3140";"QKAOS11";"Kaos Cotton Combed Java karlos";"1000-01-01";"-";"140";"140";"0";"Nila";"2026-07-04 09:10:56";"16";"1";"assets/qrcode/stockopname/OP_QKAOS11_3140.png";NULL;"2026-07-04 02:10:56";NULL
"29";"3133";"ZZKAOS06";"Kaos Bayer";"1000-01-01";"-";"1213";"1213";"0";"Anam";"2026-07-04 09:10:59";"16";"2";"assets/qrcode/stockopname/OP_ZZKAOS06_3133.png";NULL;"2026-07-04 02:10:59";NULL
"30";"3244";"ZZBALI01";"Baliho Cling";"1000-01-01";"-";"2";"2";"0";"Anam";"2026-07-04 09:11:07";"16";"2";"assets/qrcode/stockopname/OP_ZZBALI01_3244.png";NULL;"2026-07-04 02:11:07";NULL
"31";"3180";"ZZKAOS236";"Kaos Phosgrow";"1000-01-01";"-";"281";"281";"0";"Nila";"2026-07-04 09:11:10";"16";"1";"assets/qrcode/stockopname/OP_ZZKAOS236_3180.png";NULL;"2026-07-04 02:11:10";NULL
"32";"3094";"ZZBUKU04";"Buku Tulis Cymax";"1000-01-01";"-";"2135";"2135";"0";"Anam";"2026-07-04 09:11:15";"16";"2";"assets/qrcode/stockopname/OP_ZZBUKU04_3094.png";NULL;"2026-07-04 02:11:15";NULL
"33";"2916";"QJAGU63";"Jagung ADV 132 20 X 1 kg";"2026-09-29";"-";"1300";"0";"65";"Deva";"2026-07-04 09:11:19";"15";"1";"assets/qrcode/stockopname/OP_QWIND06_2916.png";NULL;"2026-07-04 02:11:19";NULL
"34";"3132";"ZZKAOS101";"Kaos Bamex";"1000-01-01";"-";"400";"400";"0";"Nila";"2026-07-04 09:11:22";"16";"1";"assets/qrcode/stockopname/OP_QKAOS15_3132.png";NULL;"2026-07-04 02:11:22";NULL
"35";"3219";"ZZSPAN07";"Spanduk Mulsa Karisma";"1000-01-01";"-";"3";"3";"0";"Anam";"2026-07-04 09:11:23";"16";"2";"assets/qrcode/stockopname/OP_ZZSPAN07_3219.png";NULL;"2026-07-04 02:11:23";NULL
"36";"2397";"QSELA01";"Selang Orange Komplit+G. Plastik Star Metal";"1000-01-01";"-";"817";"817";"0";"Ahmad";"2026-07-04 09:11:25";"17";"2";"assets/qrcode/stockopname/OP_QROTR02_2397.png";NULL;"2026-07-04 02:11:25";NULL
"37";"1952";"APENT01";"Pentagon 100 ml (Sample)";"1000-01-01";"-";"74";"74";"0";"Sukma";"2026-07-04 09:11:34";"17";"1";"assets/qrcode/stockopname/OP_QPAKE12_1952.png";NULL;"2026-07-04 02:11:34";NULL
"38";"3185";"ZZKAOS197";"Kaos Prima-Zeb";"1000-01-01";"-";"116";"116";"0";"Nila";"2026-07-04 09:11:34";"16";"1";"assets/qrcode/stockopname/OP_ZZKAOS197_3185.png";NULL;"2026-07-04 02:11:34";NULL
"39";"3152";"QKAOS10";"Kaos Hyget Panjang Super Java";"1000-01-01";"-";"168";"168";"0";"Nila";"2026-07-04 09:11:46";"16";"1";"assets/qrcode/stockopname/OP_QKAOS10_3152.png";NULL;"2026-07-04 02:11:46";NULL
"40";"1362";"ALABA02";"Laba Hidroponik 142 gr";"1000-01-01";"-";"5";"5";"0";"Sukma";"2026-07-04 09:11:58";"17";"1";"assets/qrcode/stockopname/OP_QKNO303_1362.png";NULL;"2026-07-04 02:11:58";NULL
"42";"3141";"ZZKAOS192";"Kaos dan Tas Boron & Zinc";"1000-01-01";"-";"95";"95";"0";"Nila";"2026-07-04 09:12:03";"16";"1";"assets/qrcode/stockopname/OP_ZZKAOS192_3141.png";NULL;"2026-07-04 02:12:03";NULL
"43";"1361";"ALABA01";"Laba Hidroponik 130 gr";"1000-01-01";"-";"6";"6";"0";"Sukma";"2026-07-04 09:12:13";"17";"1";"assets/qrcode/stockopname/OP_QKNO303_1361.png";NULL;"2026-07-04 02:12:13";NULL
"44";"3206";"ZZSABU02";"Sabun Harimau Kuat 24 x 300 gr";"1000-01-01";"-";"455";"455";"0";"Nila";"2026-07-04 09:12:14";"16";"1";"assets/qrcode/stockopname/OP_ZZSABU02_3206.png";NULL;"2026-07-04 02:12:14";NULL
"45";"504";"ABOTO02";"Botol Vishaka 100 ml Tutup Hijau";"1000-01-01";"-";"2219";"2219";"0";"Lia";"2026-07-04 09:12:26";"15";"2";"assets/qrcode/stockopname/OP_QBMOP01_504.png";NULL;"2026-07-04 02:12:26";NULL
"46";"117";"QALAT20";"Alat Pengikat Tanaman Yoto";"1000-01-01";"-";"318";"318";"0";"Ahmad";"2026-07-04 09:12:28";"17";"2";"assets/qrcode/stockopname/OP_QAKRO02_117.png";NULL;"2026-07-04 02:12:28";NULL
"47";"1181";"AHIPR01";"HiPro Series 13-7-10 Powder 250 gr (Sample)";"1000-01-01";"-";"8";"8";"0";"Sukma";"2026-07-04 09:12:28";"17";"1";"assets/qrcode/stockopname/OP_QGOLD22_1181.png";NULL;"2026-07-04 02:12:28";NULL
"48";"3087";"ZZBROS04";"Brosur Elazaro/Castora";"1000-01-01";"-";"19866";"19866";"0";"Nila";"2026-07-04 09:12:29";"16";"1";"assets/qrcode/stockopname/OP_QBROS04_3087.png";NULL;"2026-07-04 02:12:29";NULL
"49";"3110";"ZZGELA06";"Gelas Polos HS-9";"1000-01-01";"-";"198";"198";"0";"Anam";"2026-07-04 09:12:36";"16";"2";"assets/qrcode/stockopname/OP_ZZGELA06_3110.png";NULL;"2026-07-04 02:12:36";NULL
"50";"3086";"ZZBROS03";"Brosur Desanto/Piraklo";"1000-01-01";"-";"17938";"17938";"0";"Nila";"2026-07-04 09:12:45";"16";"1";"assets/qrcode/stockopname/OP_QBROS03_3086.png";NULL;"2026-07-04 02:12:45";NULL
"51";"2704";"ATUTU07";"Tutup Warna Hijau Botol Vishaka 100 ml";"1000-01-01";"-";"2510";"2510";"0";"Lia";"2026-07-04 09:12:47";"15";"2";"assets/qrcode/stockopname/OP_QTANG57_2704.png";NULL;"2026-07-04 02:12:47";NULL
"52";"3088";"ZZBROS05";"Brosur RPSM";"1000-01-01";"-";"10379";"10379";"0";"Nila";"2026-07-04 09:12:59";"16";"1";"assets/qrcode/stockopname/OP_ZZBROS05_3088.png";NULL;"2026-07-04 02:12:59";NULL
"53";"502";"ABOTO04";"Botol Pet Piraklo 250 ml (Logo MIA)";"1000-01-01";"-";"116";"116";"0";"Lia";"2026-07-04 09:13:04";"15";"2";"assets/qrcode/stockopname/OP_QBML01_502.png";NULL;"2026-07-04 02:13:04";NULL
"54";"503";"ABOTO01";"Botol Pet Putih Susu Piraklo 250 ml";"1000-01-01";"-";"1100";"1100";"0";"Lia";"2026-07-04 09:13:15";"15";"2";"assets/qrcode/stockopname/OP_QBML01_503.png";NULL;"2026-07-04 02:13:15";NULL
"55";"3084";"ZZBROS02";"Brosur Armeira/Vishaka";"1000-01-01";"-";"10594";"10594";"0";"Nila";"2026-07-04 09:13:15";"16";"1";"assets/qrcode/stockopname/OP_ZZBROS02_3084.png";NULL;"2026-07-04 02:13:15";NULL
"56";"3230";"ZZTOPI01";"Topi Agricon";"1000-01-01";"-";"7583";"7583";"0";"Anam";"2026-07-04 09:13:17";"16";"2";"assets/qrcode/stockopname/OP_ZZTOPI01_3230.png";NULL;"2026-07-04 02:13:17";NULL
"57";"2697";"ATUTU06";"Tutup Botol Pet Putih Susu Piraklo 250 ml";"1000-01-01";"-";"813";"813";"0";"Lia";"2026-07-04 09:13:27";"15";"2";"assets/qrcode/stockopname/OP_QTANG58_2697.png";NULL;"2026-07-04 02:13:27";NULL
"58";"3148";"QKAOS17";"Kaos Futay";"1000-01-01";"-";"2450";"2450";"0";"Nila";"2026-07-04 09:13:33";"16";"1";"assets/qrcode/stockopname/OP_QKAOS17_3148.png";NULL;"2026-07-04 02:13:33";NULL
"59";"485";"QBODY01";"Body YT 5L";"1000-01-01";"-";"5";"5";"0";"Ahmad";"2026-07-04 09:13:34";"17";"2";"assets/qrcode/stockopname/OP_QBLUE01_485.png";NULL;"2026-07-04 02:13:34";NULL
"60";"3232";"ZZTOPI16";"Topi Mulsa Hanoman";"1000-01-01";"-";"3";"3";"0";"Anam";"2026-07-04 09:13:38";"16";"2";"assets/qrcode/stockopname/OP_ZZTOPI16_3232.png";NULL;"2026-07-04 02:13:38";NULL
"65";"3215";"ZZSARU09";"Sarung Wadimor";"1000-01-01";"-";"621";"621";"0";"Nila";"2026-07-04 09:14:31";"16";"1";"assets/qrcode/stockopname/OP_ZZSARU09_3215.png";NULL;"2026-07-04 02:14:31";NULL
"66";"1193";"AIMUN01";"Imuno 20 x 250 ml";"1000-01-01";"-";"8";"8";"0";"Sukma";"2026-07-04 09:14:39";"17";"1";"assets/qrcode/stockopname/OP_QGREE03_1193.png";NULL;"2026-07-04 02:14:39";NULL
"67";"3235";"ZZTOPI10";"Topi Syngenta";"1000-01-01";"-";"230";"230";"0";"Nila";"2026-07-04 09:14:42";"16";"1";"assets/qrcode/stockopname/OP_ZZTOPI10_3235.png";NULL;"2026-07-04 02:14:42";NULL
"68";"1989";"APIPA01";"Pipa Penyemprot 60 cm Star Metal";"1000-01-01";"-";"80";"80";"0";"Ahmad";"2026-07-04 09:14:57";"17";"2";"assets/qrcode/stockopname/OP_QPAPA01_1989.png";NULL;"2026-07-04 02:14:57";NULL
"69";"2151";"AQIUA02";"Qiuasri Bunga Buah 250 ml (Sample)";"2026-11-01";"-";"5";"5";"0";"Sukma";"2026-07-04 09:14:58";"17";"1";"assets/qrcode/stockopname/OP_QPOWE04_2151.png";NULL;"2026-07-04 02:14:58";NULL
"70";"3215";"ZZSARU09";"Sarung Wadimor";"1000-01-01";"-";"300";"300";"0";"Nila";"2026-07-04 09:15:02";"16";"1";"assets/qrcode/stockopname/OP_ZZSARU09_3215.png";NULL;"2026-07-04 02:15:02";NULL
"71";"2710";"QULTR01";"Ultrasoline 10 X 2 kg";"2028-03-01";"-";"130";"0";"13";"Lia";"2026-07-04 09:15:05";"15";"2";"assets/qrcode/stockopname/OP_QTANG08_2710.png";NULL;"2026-07-04 02:15:05";NULL
"72";"2571";"ATABU01";"Tabung Pompa Komplit 14 ltr";"1000-01-01";"-";"1";"1";"0";"Ahmad";"2026-07-04 09:15:12";"17";"2";"assets/qrcode/stockopname/OP_QSKIE01_2571.png";NULL;"2026-07-04 02:15:12";NULL
"73";"734";"ADEWA01";"Dewa Dewi 250 ml";"2023-10-01";"-";"3";"3";"0";"Sukma";"2026-07-04 09:15:13";"17";"1";"assets/qrcode/stockopname/OP_QDEKA04_734.png";NULL;"2026-07-04 02:15:13";NULL
"74";"2709";"QULTR01";"Ultrasoline 10 X 2 kg";"2028-02-01";"-";"130";"0";"13";"Lia";"2026-07-04 09:15:14";"15";"2";"assets/qrcode/stockopname/OP_QTANG12_2709.png";NULL;"2026-07-04 02:15:14";NULL
"75";"3210";"ZZSARU12";"Sarung BASF";"1000-01-01";"-";"97";"97";"0";"Nila";"2026-07-04 09:15:15";"16";"1";"assets/qrcode/stockopname/OP_ZZSARU12_3210.png";NULL;"2026-07-04 02:15:15";NULL
"76";"2707";"QULTR01";"Ultrasoline 10 X 2 kg";"2027-06-01";"-";"110";"0";"11";"Lia";"2026-07-04 09:15:23";"15";"2";"assets/qrcode/stockopname/OP_QTANG47_2707.png";NULL;"2026-07-04 02:15:23";NULL
"77";"3229";"ZZT-SH06";"T-Shirt Arigato";"1000-01-01";"-";"170";"170";"0";"Nila";"2026-07-04 09:15:28";"16";"1";"assets/qrcode/stockopname/OP_ZZT-SH06_3229.png";NULL;"2026-07-04 02:15:28";NULL
"78";"2371";"QSATU02";"Saturn Plus 20 X 500 ml";"2029-11-01";"-";"2980";"0";"149";"Deva";"2026-07-04 09:15:34";"15";"1";"assets/qrcode/stockopname/OP_QRIDO03_2371.png";NULL;"2026-07-04 02:15:34";NULL
"79";"264";"AASAM01";"Asam Amino (Sample)";"1000-01-01";"-";"7";"7";"0";"Sukma";"2026-07-04 09:15:41";"17";"1";"assets/qrcode/stockopname/OP_QANTR05_264.png";NULL;"2026-07-04 02:15:41";NULL
"80";"2706";"QULTR01";"Ultrasoline 10 X 2 kg";"2027-01-01";"-";"340";"0";"34";"Lia";"2026-07-04 09:15:43";"15";"2";"assets/qrcode/stockopname/OP_QTANG48_2706.png";NULL;"2026-07-04 02:15:43";NULL
"81";"3227";"ZZT-SH04";"T-Shirt Banjo Forte";"1000-01-01";"-";"20";"20";"0";"Nila";"2026-07-04 09:15:44";"16";"1";"assets/qrcode/stockopname/OP_ZZT-SH04_3227.png";NULL;"2026-07-04 02:15:44";NULL
"82";"3233";"ZZTOPI07";"Topi PT Karisma";"1000-01-01";"-";"5";"5";"0";"Anam";"2026-07-04 09:15:51";"16";"2";"assets/qrcode/stockopname/OP_ZZTOPI07_3233.png";NULL;"2026-07-04 02:15:51";NULL
"83";"3231";"ZZTOPI12";"Topi Bayer";"1000-01-01";"-";"150";"150";"0";"Anam";"2026-07-04 09:16:01";"16";"2";"assets/qrcode/stockopname/OP_ZZTOPI12_3231.png";NULL;"2026-07-04 02:16:01";NULL
"84";"3228";"ZZT-SH05";"T-Shirt Tapus";"1000-01-01";"-";"20";"20";"0";"Nila";"2026-07-04 09:16:03";"16";"1";"assets/qrcode/stockopname/OP_ZZT-SH05_3228.png";NULL;"2026-07-04 02:16:03";NULL
"85";"2711";"QULTR01";"Ultrasoline 10 X 2 kg";"2028-07-01";"-";"390";"0";"39";"Lia";"2026-07-04 09:16:06";"15";"2";"assets/qrcode/stockopname/OP_QTANG10_2711.png";NULL;"2026-07-04 02:16:06";NULL
"86";"186";"AAMIN04";"Aminosong Mango 500 ml (Sample)";"2029-02-01";"-";"4";"4";"0";"Sukma";"2026-07-04 09:16:07";"17";"1";"assets/qrcode/stockopname/OP_CAMCO01_186.png";NULL;"2026-07-04 02:16:07";NULL
"87";"3234";"ZZTOPI15";"Topi Rimba Atonik";"1000-01-01";"-";"15";"15";"0";"Anam";"2026-07-04 09:16:11";"16";"2";"assets/qrcode/stockopname/OP_ZZTOPI15_3234.png";NULL;"2026-07-04 02:16:11";NULL
"88";"3226";"ZZT-SH03";"T-Shirt Rice Quick";"1000-01-01";"-";"20";"20";"0";"Nila";"2026-07-04 09:16:15";"16";"1";"assets/qrcode/stockopname/OP_ZZT-SH03_3226.png";NULL;"2026-07-04 02:16:15";NULL
"89";"1208";"AISIS01";"Isi Staples Alat Pengikat Tanaman Yoto 10 X 1 pack";"1000-01-01";"-";"51";"51";"0";"Ahmad";"2026-07-04 09:16:19";"17";"2";"assets/qrcode/stockopname/OP_QGWMA02_1208.png";NULL;"2026-07-04 02:16:19";NULL
"90";"3090";"ZZBUKU07";"Buku Agenda FMC";"1000-01-01";"-";"20";"20";"0";"Anam";"2026-07-04 09:16:23";"16";"2";"assets/qrcode/stockopname/OP_ZZBUKU07_3090.png";NULL;"2026-07-04 02:16:23";NULL
"91";"753";"ADONE01";"Done 200 EC 4 X 25 X 100 ml (S)";"1000-01-01";"-";"15";"15";"0";"Sukma";"2026-07-04 09:16:24";"17";"1";"assets/qrcode/stockopname/OP_QDESA01_753.png";NULL;"2026-07-04 02:16:24";NULL
"92";"3207";"ZZSARU27";"Sarung Abu Rizqi";"1000-01-01";"-";"410";"410";"0";"Nila";"2026-07-04 09:16:25";"16";"1";"assets/qrcode/stockopname/OP_ZZSARU27_3207.png";NULL;"2026-07-04 02:16:25";NULL
"93";"3127";"ZZKAOS152";"Kaos Atonik";"1000-01-01";"-";"10";"10";"0";"Anam";"2026-07-04 09:16:36";"16";"2";"assets/qrcode/stockopname/OP_ZZKAOS152_3127.png";NULL;"2026-07-04 02:16:36";NULL
"94";"3113";"QJAKE01";"Jaket Java Karlos";"1000-01-01";"-";"27";"27";"0";"Nila";"2026-07-04 09:16:36";"16";"1";"assets/qrcode/stockopname/OP_QJAKE01_3113.png";NULL;"2026-07-04 02:16:36";NULL
"95";"3091";"ZZBUKU05";"Buku Agenda";"1000-01-01";"-";"19";"19";"0";"Anam";"2026-07-04 09:16:43";"16";"2";"assets/qrcode/stockopname/OP_ZZBUKU05_3091.png";NULL;"2026-07-04 02:16:43";NULL
"96";"3114";"ZZJAKE02";"Jaket JJM ( Sortie )";"1000-01-01";"-";"81";"81";"0";"Nila";"2026-07-04 09:16:47";"16";"1";"assets/qrcode/stockopname/OP_ZZJAKE02_3114.png";NULL;"2026-07-04 02:16:47";NULL
"97";"3093";"ZZBUKU08";"Buku Agenda Java Karlos";"1000-01-01";"-";"5";"5";"0";"Anam";"2026-07-04 09:16:52";"16";"2";"assets/qrcode/stockopname/OP_ZZBUKU08_3093.png";NULL;"2026-07-04 02:16:52";NULL
"98";"2532";"ASTAR07";"Starcide 400 EC 100 gr";"1000-01-01";"-";"9";"9";"0";"Sukma";"2026-07-04 09:16:54";"17";"1";"assets/qrcode/stockopname/OP_QSIDA12_2532.png";NULL;"2026-07-04 02:16:54";NULL
"99";"3111";"ZZGELA07";"Gelas Wine";"1000-01-01";"-";"12";"12";"0";"Anam";"2026-07-04 09:16:57";"16";"2";"assets/qrcode/stockopname/OP_ZZGELA07_3111.png";NULL;"2026-07-04 02:16:57";NULL
"100";"3115";"ZZJAKE04";"Jaket Syngenta ( Cruiser )";"1000-01-01";"-";"199";"199";"0";"Nila";"2026-07-04 09:17:00";"16";"1";"assets/qrcode/stockopname/OP_ZZJAKE04_3115.png";NULL;"2026-07-04 02:17:00";NULL
"101";"3171";"QKAOS14";"Kaos MIA Kerah Elazaro";"1000-01-01";"-";"28";"28";"0";"Anam";"2026-07-04 09:17:04";"16";"2";"assets/qrcode/stockopname/OP_QKAOS14_3171.png";NULL;"2026-07-04 02:17:04";NULL
"103";"3169";"ZZKAOS260";"Kaos Jagung ADV 132";"1000-01-01";"-";"334";"334";"0";"Nila";"2026-07-04 09:17:11";"16";"1";"assets/qrcode/stockopname/OP_ZZKAOS260_3169.png";NULL;"2026-07-04 02:17:11";NULL
"104";"3183";"ZZKAOS275";"Kaos Oblong Amolin";"1000-01-01";"-";"10";"10";"0";"Anam";"2026-07-04 09:17:12";"16";"2";"assets/qrcode/stockopname/OP_ZZKAOS275_3183.png";NULL;"2026-07-04 02:17:12";NULL
"105";"2230";"ARATC03";"Ratchet 250 EC 100 ml (sampel)";"1000-01-01";"-";"8";"8";"0";"Sukma";"2026-07-04 09:17:17";"17";"1";"assets/qrcode/stockopname/OP_QPUPU17_2230.png";NULL;"2026-07-04 02:17:17";NULL
"106";"3200";"ZZKUNC01";"Kunci Inggris set";"1000-01-01";"-";"2";"2";"0";"Anam";"2026-07-04 09:17:19";"16";"2";"assets/qrcode/stockopname/OP_ZZKUNC01_3200.png";NULL;"2026-07-04 02:17:19";NULL
"108";"1992";"QPIPA03";"Pipa Semprot";"1000-01-01";"-";"15";"15";"0";"Ahmad";"2026-07-04 09:17:26";"17";"2";"assets/qrcode/stockopname/OP_QPARA07_1992.png";NULL;"2026-07-04 02:17:26";NULL
"109";"3085";"QBROS01";"Brosur Associate";"1000-01-01";"-";"1098";"1098";"0";"Anam";"2026-07-04 09:17:32";"16";"2";"assets/qrcode/stockopname/OP_QBROS01_3085.png";NULL;"2026-07-04 02:17:32";NULL
"110";"2447";"ASINA02";"Sinasen 300 SC 40 X 250 ml (Sample)";"2028-06-01";"-";"4";"4";"0";"Sukma";"2026-07-04 09:17:33";"17";"1";"assets/qrcode/stockopname/OP_QSAMI02_2447.png";NULL;"2026-07-04 02:17:33";NULL
"111";"3096";"ZZCELA02";"Celana Prevathon";"1000-01-01";"-";"200";"200";"0";"Nila";"2026-07-04 09:17:37";"16";"1";"assets/qrcode/stockopname/OP_ZZCELA02_3096.png";NULL;"2026-07-04 02:17:37";NULL
"112";"3201";"ZZMANG01";"Mangkok ART.FSY 178-B";"1000-01-01";"-";"6";"6";"0";"Anam";"2026-07-04 09:17:40";"16";"2";"assets/qrcode/stockopname/OP_ZZMANG01_3201.png";NULL;"2026-07-04 02:17:40";NULL
"113";"2003";"APIRI05";"Piribac 400 SC 50 X 100 ml (Sample)";"1000-01-01";"-";"5";"5";"0";"Sukma";"2026-07-04 09:17:49";"17";"1";"assets/qrcode/stockopname/OP_QPARA02_2003.png";NULL;"2026-07-04 02:17:49";NULL
"114";"3225";"ZZT-SH01";"T-Shirt Polo Endure/Nurelle";"1000-01-01";"-";"40";"40";"0";"Nila";"2026-07-04 09:17:49";"16";"1";"assets/qrcode/stockopname/OP_ZZT-SH01_3225.png";NULL;"2026-07-04 02:17:49";NULL
"115";"3170";"QKAOS03";"Kaos MIA Kerah";"1000-01-01";"-";"1";"1";"0";"Anam";"2026-07-04 09:17:51";"16";"2";"assets/qrcode/stockopname/OP_QKAOS03_3170.png";NULL;"2026-07-04 02:17:51";NULL
"116";"3154";"ZZKAOS222";"Kaos Intergan";"1000-01-01";"-";"101";"101";"0";"Nila";"2026-07-04 09:17:58";"16";"1";"assets/qrcode/stockopname/OP_ZZKAOS222_3154.png";NULL;"2026-07-04 02:17:58";NULL
"117";"3384";"APELA01";"Pelatuk Sprayer Elektrik Quda Karisma 5 L";"1000-01-01";"-";"8";"8";"0";"Ahmad";"2026-07-04 09:17:59";"17";"2";"assets/qrcode/stockopname/OP_APELA01_3384.png";NULL;"2026-07-04 02:17:59";NULL
"118";"2708";"QULTR01";"Ultrasoline 10 X 2 kg";"2027-11-01";"-";"670";"0";"67";"Lia";"2026-07-04 09:18:03";"15";"2";"assets/qrcode/stockopname/OP_QTANG20_2708.png";NULL;"2026-07-04 02:18:03";NULL
"119";"3176";"ZZKAOS47";"Kaos Mulsa Kuda";"1000-01-01";"-";"138";"138";"0";"Nila";"2026-07-04 09:18:08";"16";"1";"assets/qrcode/stockopname/OP_ZZKAOS47_3176.png";NULL;"2026-07-04 02:18:08";NULL
"120";"2264";"QREGE03";"Regent 50 SC Red 80 X 50 ml";"2028-01-01";"-";"56640";"0";"708";"Deva";"2026-07-04 09:18:14";"15";"1";"assets/qrcode/stockopname/OP_QQIUM06_2264.png";NULL;"2026-07-04 02:18:14";NULL
"121";"3112";"ZZHAND08";"Handuk BASF";"1000-01-01";"-";"20";"20";"0";"Anam";"2026-07-04 09:18:15";"16";"2";"assets/qrcode/stockopname/OP_ZZHAND08_3112.png";NULL;"2026-07-04 02:18:15";NULL
"122";"3144";"ZZKAOS169";"Kaos Dupont";"1000-01-01";"-";"300";"300";"0";"Nila";"2026-07-04 09:18:19";"16";"1";"assets/qrcode/stockopname/OP_ZZKAOS169_3144.png";NULL;"2026-07-04 02:18:19";NULL
"123";"3155";"ZZKAOS221";"Kaos Jagung Manis Golden Boy";"1000-01-01";"-";"17";"17";"0";"Anam";"2026-07-04 09:18:25";"16";"2";"assets/qrcode/stockopname/OP_ZZKAOS221_3155.png";NULL;"2026-07-04 02:18:25";NULL
"124";"3248";"ZZUMBU15";"Umbul-Umbul Bisi 959";"1000-01-01";"-";"320";"320";"0";"Nila";"2026-07-04 09:18:33";"16";"1";"assets/qrcode/stockopname/OP_ZZUMBU15_3248.png";NULL;"2026-07-04 02:18:33";NULL
"125";"3128";"ZZKAOS45";"Kaos Polo Amuron";"1000-01-01";"-";"24";"24";"0";"Anam";"2026-07-04 09:18:33";"16";"2";"assets/qrcode/stockopname/OP_ZZKAOS45_3128.png";NULL;"2026-07-04 02:18:33";NULL
"126";"1689";"AMULS52";"Mulsa Lembaran 03 X 60 cm (Sample)";"1000-01-01";"-";"2";"2";"0";"Sukma";"2026-07-04 09:18:36";"17";"1";"assets/qrcode/stockopname/OP_QMKP01_1689.png";NULL;"2026-07-04 02:18:36";NULL
"127";"1892";"QPAKE08";"Paket Cornbelt 336 EC 20 X 50 ml";"2026-09-01";"-";"860";"0";"43";"Lia";"2026-07-04 09:18:37";"15";"2";"assets/qrcode/stockopname/OP_QNPKC13_1892.png";NULL;"2026-07-04 02:18:37";NULL
"129";"3188";"ZZKAOS69";"Kaos Syngenta";"1000-01-01";"-";"1200";"1200";"0";"Nila";"2026-07-04 09:18:43";"16";"1";"assets/qrcode/stockopname/OP_ZZKAOS69_3188.png";NULL;"2026-07-04 02:18:43";NULL
"130";"3076";"ZZBAJU02";"Baju Batik";"1000-01-01";"-";"68";"68";"0";"Anam";"2026-07-04 09:18:49";"16";"2";"assets/qrcode/stockopname/OP_ZZBAJU02_3076.png";NULL;"2026-07-04 02:18:49";NULL
"131";"3134";"ZZKAOS211";"Kaos Bencore";"1000-01-01";"-";"30";"30";"0";"Anam";"2026-07-04 09:18:59";"16";"2";"assets/qrcode/stockopname/OP_ZZKAOS211_3134.png";NULL;"2026-07-04 02:18:59";NULL
"132";"3189";"ZZKAOS69";"Kaos Syngenta";"1000-01-01";"-";"3460";"3460";"0";"Nila";"2026-07-04 09:19:03";"16";"1";"assets/qrcode/stockopname/OP_ZZKAOS69_3189.png";NULL;"2026-07-04 02:19:03";NULL
"133";"1688";"AMULS53";"Mulsa lembaran 025 X 50 cm (Sample)";"1000-01-01";"-";"2";"2";"0";"Sukma";"2026-07-04 09:19:05";"17";"1";"assets/qrcode/stockopname/OP_QMKP01_1688.png";NULL;"2026-07-04 02:19:05";NULL
"134";"3096";"ZZCELA02";"Celana Prevathon";"1000-01-01";"-";"38";"38";"0";"Anam";"2026-07-04 09:19:07";"16";"2";"assets/qrcode/stockopname/OP_ZZCELA02_3096.png";NULL;"2026-07-04 02:19:07";NULL
"135";"3387";"APIPA06";"Pipa Semprot Hand Motor Quda Karisma 5 L";"1000-01-01";"-";"4";"4";"0";"Ahmad";"2026-07-04 09:19:14";"17";"2";"assets/qrcode/stockopname/OP_APIPA06_3387.png";NULL;"2026-07-04 02:19:14";NULL
"136";"3182";"ZZKAOS262";"Kaos Oblong Associate";"1000-01-01";"-";"1481";"1481";"0";"Nila";"2026-07-04 09:19:14";"16";"1";"assets/qrcode/stockopname/OP_QKAOS04_3182.png";NULL;"2026-07-04 02:19:14";NULL
"137";"3135";"ZZKAOS189";"Kaos Bisi 99/79";"1000-01-01";"-";"10";"10";"0";"Anam";"2026-07-04 09:19:19";"16";"2";"assets/qrcode/stockopname/OP_ZZKAOS189_3135.png";NULL;"2026-07-04 02:19:19";NULL
"138";"3388";"APIPA05";"Pipa Semprot Sprayer Elektrik Quda Karisma 5 L";"1000-01-01";"-";"5";"5";"0";"Ahmad";"2026-07-04 09:19:23";"17";"2";"assets/qrcode/stockopname/OP_APIPA05_3388.png";NULL;"2026-07-04 02:19:23";NULL
"139";"3194";"ZZKAOS146";"Kaos Tumagon";"1000-01-01";"-";"42";"42";"0";"Anam";"2026-07-04 09:19:28";"16";"2";"assets/qrcode/stockopname/OP_ZZKAOS146_3194.png";NULL;"2026-07-04 02:19:28";NULL
"140";"2043";"APOLY39";"Polybag Korma 50 X 50 X 010 (Sample)";"1000-01-01";"-";"1";"1";"0";"Sukma";"2026-07-04 09:19:31";"17";"1";"assets/qrcode/stockopname/OP_QPERO02_2043.png";NULL;"2026-07-04 02:19:31";NULL
"141";"2916";"QJAGU63";"Jagung ADV 132 20 X 1 kg";"2026-09-29";"-";"1300";"0";"65";"Lia";"2026-07-04 09:19:31";"15";"2";"assets/qrcode/stockopname/OP_QWIND06_2916.png";NULL;"2026-07-04 02:19:31";NULL
"142";"3153";"ZZKAOS257";"Kaos Impetus";"1000-01-01";"-";"210";"210";"0";"Nila";"2026-07-04 09:19:32";"16";"1";"assets/qrcode/stockopname/OP_ZZKAOS257_3153.png";NULL;"2026-07-04 02:19:32";NULL
"143";"3184";"ZZKAOS168";"Kaos Ponco Ceba";"1000-01-01";"-";"11";"11";"0";"Anam";"2026-07-04 09:19:38";"16";"2";"assets/qrcode/stockopname/OP_ZZKAOS168_3184.png";NULL;"2026-07-04 02:19:38";NULL
"144";"2042";"APOLY38";"Polybag Korma 45 X 45 X 010 (Sample)";"1000-01-01";"-";"1";"1";"0";"Sukma";"2026-07-04 09:19:39";"17";"1";"assets/qrcode/stockopname/OP_QPERO02_2042.png";NULL;"2026-07-04 02:19:39";NULL
"145";"3121";"ZZKAME01";"Kamem";"1000-01-01";"-";"4";"4";"0";"Anam";"2026-07-04 09:19:49";"16";"2";"assets/qrcode/stockopname/OP_ZZKAME01_3121.png";NULL;"2026-07-04 02:19:49";NULL
"146";"2041";"APOLY37";"Polybag Korma 40 X 40 X 010 (Sample)";"1000-01-01";"-";"1";"1";"0";"Sukma";"2026-07-04 09:19:52";"17";"1";"assets/qrcode/stockopname/OP_QPERO02_2041.png";NULL;"2026-07-04 02:19:52";NULL
"147";"3157";"ZZKAOS29";"Kaos Karisma";"1000-01-01";"-";"16";"16";"0";"Anam";"2026-07-04 09:19:56";"16";"2";"assets/qrcode/stockopname/OP_QKAOS08_3157.png";NULL;"2026-07-04 02:19:56";NULL
"148";"3168";"ZZKAOS277";"Kaos Lacos JAI";"1000-01-01";"-";"2";"2";"0";"Anam";"2026-07-04 09:20:02";"16";"2";"assets/qrcode/stockopname/OP_ZZKAOS277_3168.png";NULL;"2026-07-04 02:20:02";NULL
"149";"3211";"ZZSARU20";"Sarung Gajah Duduk";"1000-01-01";"-";"489";"489";"0";"Nila";"2026-07-04 09:20:05";"16";"1";"assets/qrcode/stockopname/OP_ZZSARU20_3211.png";NULL;"2026-07-04 02:20:05";NULL
"150";"2040";"APOLY36";"Polybag Korma 35 X 35 X 008 (Sample)";"1000-01-01";"-";"1";"1";"0";"Sukma";"2026-07-04 09:20:09";"17";"1";"assets/qrcode/stockopname/OP_QPERO03_2040.png";NULL;"2026-07-04 02:20:09";NULL
"151";"3240";"QUMBU03";"Umbul-umbul Piraklo";"1000-01-01";"-";"52";"52";"0";"Nila";"2026-07-04 09:20:18";"16";"1";"assets/qrcode/stockopname/OP_QUMBU03_3240.png";NULL;"2026-07-04 02:20:18";NULL
"152";"3161";"ZZKAOS219";"Kaos Lengan Panjang Bisi 77";"1000-01-01";"-";"25";"25";"0";"Anam";"2026-07-04 09:20:19";"16";"2";"assets/qrcode/stockopname/OP_ZZKAOS219_3161.png";NULL;"2026-07-04 02:20:19";NULL
"153";"2039";"APOLY35";"Polybag Korma 30 X 30 X 008 (Sample)";"1000-01-01";"-";"1";"1";"0";"Sukma";"2026-07-04 09:20:22";"17";"1";"assets/qrcode/stockopname/OP_APENT02_2039.png";NULL;"2026-07-04 02:20:22";NULL
"154";"2370";"QSATU02";"Saturn Plus 20 X 500 ml";"2029-04-01";"-";"2440";"0";"122";"Lia";"2026-07-04 09:20:22";"15";"2";"assets/qrcode/stockopname/OP_QRIDO02_2370.png";NULL;"2026-07-04 02:20:22";NULL
"155";"3404";"ASELA14";"Selang Sprayer Elektrik Quda Karisma 5 L";"1000-01-01";"-";"10";"10";"0";"Ahmad";"2026-07-04 09:20:26";"17";"2";"assets/qrcode/stockopname/OP_ASELA14_3404.png";NULL;"2026-07-04 02:20:26";NULL
"156";"3239";"QUMBU05";"Umbul-umbul Elazaro";"1000-01-01";"-";"49";"49";"0";"Nila";"2026-07-04 09:20:28";"16";"1";"assets/qrcode/stockopname/OP_QUMBU05_3239.png";NULL;"2026-07-04 02:20:28";NULL
"157";"3238";"QUMBU02";"Umbul-umbul Desanto";"1000-01-01";"-";"55";"55";"0";"Nila";"2026-07-04 09:20:39";"16";"1";"assets/qrcode/stockopname/OP_QUMBU02_3238.png";NULL;"2026-07-04 02:20:39";NULL
"158";"2257";"QREGE02";"Regent 50 SC Red 48 X 100 ml";"2028-01-01";"-";"14400";"0";"300";"Deva";"2026-07-04 09:20:41";"15";"1";"assets/qrcode/stockopname/OP_QQIUM07_2257.png";NULL;"2026-07-04 02:20:41";NULL
"159";"3204";"ZZPISA02";"Pisau Lipat Set";"1000-01-01";"-";"133";"133";"0";"Anam";"2026-07-04 09:20:42";"16";"2";"assets/qrcode/stockopname/OP_ZZPISA02_3204.png";NULL;"2026-07-04 02:20:42";NULL
"160";"3214";"ZZSARU11";"Sarung Syngenta";"1000-01-01";"-";"166";"166";"0";"Nila";"2026-07-04 09:20:54";"16";"1";"assets/qrcode/stockopname/OP_ZZSARU11_3214.png";NULL;"2026-07-04 02:20:54";NULL
"161";"2037";"APOLY33";"Polybag Korma 20 X 20 X 006 (Sample)";"1000-01-01";"-";"2";"2";"0";"Sukma";"2026-07-04 09:20:57";"17";"1";"assets/qrcode/stockopname/OP_APENT01_2037.png";NULL;"2026-07-04 02:20:57";NULL
"162";"3202";"ZZPAKE02";"Paket Kaos dan Tas BrZn";"1000-01-01";"-";"7";"7";"0";"Anam";"2026-07-04 09:20:57";"16";"2";"assets/qrcode/stockopname/OP_ZZPAKE02_3202.png";NULL;"2026-07-04 02:20:57";NULL
"163";"3203";"QPAYU01";"Payung Java Karlos";"1000-01-01";"-";"16";"16";"0";"Anam";"2026-07-04 09:21:07";"16";"2";"assets/qrcode/stockopname/OP_QPAYU01_3203.png";NULL;"2026-07-04 02:21:07";NULL
"164";"3208";"ZZSARU15";"Sarung Atlas";"1000-01-01";"-";"1426";"1426";"0";"Nila";"2026-07-04 09:21:11";"16";"1";"assets/qrcode/stockopname/OP_QSARU02_3208.png";NULL;"2026-07-04 02:21:11";NULL
"165";"2038";"APOLY34";"Polybag Korma 25 X 30 X 006 (Sample)";"1000-01-01";"-";"1";"1";"0";"Sukma";"2026-07-04 09:21:11";"17";"1";"assets/qrcode/stockopname/OP_APENT03_2038.png";NULL;"2026-07-04 02:21:11";NULL
"166";"2371";"QSATU02";"Saturn Plus 20 X 500 ml";"2029-11-01";"-";"2980";"0";"149";"Lia";"2026-07-04 09:21:15";"15";"2";"assets/qrcode/stockopname/OP_QRIDO03_2371.png";NULL;"2026-07-04 02:21:15";NULL
"167";"2036";"APOLY32";"Polybag Korma 15 X 15 X 005 (Sample)";"1000-01-01";"-";"2";"2";"0";"Sukma";"2026-07-04 09:21:22";"17";"1";"assets/qrcode/stockopname/OP_QPENT03_2036.png";NULL;"2026-07-04 02:21:22";NULL
"168";"3212";"QSARU01";"Sarung Java karlos";"1000-01-01";"-";"36";"36";"0";"Anam";"2026-07-04 09:21:25";"16";"2";"assets/qrcode/stockopname/OP_QSARU01_3212.png";NULL;"2026-07-04 02:21:25";NULL
"169";"2251";"QREGE09";"Regent 50 SC Red 24 X 250 ml";"2027-12-01";"-";"2976";"0";"124";"Deva";"2026-07-04 09:21:29";"15";"1";"assets/qrcode/stockopname/OP_QQIUD01_2251.png";NULL;"2026-07-04 02:21:29";NULL
"170";"2035";"APOLY31";"Polybag Korma 10 X 15 X 004 (Sample)";"1000-01-01";"-";"2";"2";"0";"Sukma";"2026-07-04 09:21:33";"17";"1";"assets/qrcode/stockopname/OP_QPENT02_2035.png";NULL;"2026-07-04 02:21:33";NULL
"171";"1991";"QPIPA01";"Pipa Penyemprot+G.Orange 20 L Star Metal";"1000-01-01";"-";"36";"36";"0";"Ahmad";"2026-07-04 09:21:37";"17";"2";"assets/qrcode/stockopname/OP_QPARA07_1991.png";NULL;"2026-07-04 02:21:37";NULL
"172";"3205";"ZZPOS02";"Poster Piraklo";"1000-01-01";"-";"965";"965";"0";"Nila";"2026-07-04 09:21:42";"16";"1";"assets/qrcode/stockopname/OP_ZZPOS02_3205.png";NULL;"2026-07-04 02:21:42";NULL
"173";"3205";"ZZPOS02";"Poster Piraklo";"1000-01-01";"-";"965";"965";"0";"Anam";"2026-07-04 09:22:03";"16";"2";"assets/qrcode/stockopname/OP_ZZPOS02_3205.png";NULL;"2026-07-04 02:22:03";NULL
"174";"3217";"QSIGN01";"Sign Board Associate";"1000-01-01";"-";"55";"55";"0";"Nila";"2026-07-04 09:22:07";"16";"1";"assets/qrcode/stockopname/OP_QSIGN01_3217.png";NULL;"2026-07-04 02:22:07";NULL
"175";"3389";"AREAD02";"Reader-x 100 gr";"1000-01-01";"-";"30";"30";"0";"Sukma";"2026-07-04 09:22:14";"17";"1";"assets/qrcode/stockopname/OP_AREAD02_3389.png";NULL;"2026-07-04 02:22:14";NULL
"176";"2264";"QREGE03";"Regent 50 SC Red 80 X 50 ml";"2028-01-01";"-";"56640";"0";"708";"Lia";"2026-07-04 09:22:26";"15";"2";"assets/qrcode/stockopname/OP_QQIUM06_2264.png";NULL;"2026-07-04 02:22:26";NULL
"177";"3247";"ZZSTAN02";"Stand Fan Panalux";"1000-01-01";"-";"14";"14";"0";"Nila";"2026-07-04 09:22:30";"16";"1";"assets/qrcode/stockopname/OP_ZZSTAN02_3247.png";NULL;"2026-07-04 02:22:30";NULL
"178";"2128";"APUPU25";"Pupuk Humiflex (Sample)";"1000-01-01";"-";"1";"1";"0";"Sukma";"2026-07-04 09:22:34";"17";"1";"assets/qrcode/stockopname/OP_APOLY38_2128.png";NULL;"2026-07-04 02:22:34";NULL
"179";"3215";"ZZSARU09";"Sarung Wadimor";"1000-01-01";"-";"621";"621";"0";"Anam";"2026-07-04 09:22:35";"16";"2";"assets/qrcode/stockopname/OP_ZZSARU09_3215.png";NULL;"2026-07-04 02:22:35";NULL
"180";"2252";"QREGE09";"Regent 50 SC Red 24 X 250 ml";"2028-01-01";"-";"4224";"0";"176";"Deva";"2026-07-04 09:22:42";"15";"1";"assets/qrcode/stockopname/OP_QQIUD01_2252.png";NULL;"2026-07-04 02:22:42";NULL
"181";"433";"ABION11";"Bionta45 250 ml (Sample)";"1000-01-01";"-";"2";"2";"0";"Sukma";"2026-07-04 09:22:45";"17";"1";"assets/qrcode/stockopname/OP_QBESV01_433.png";NULL;"2026-07-04 02:22:45";NULL
"182";"3106";"ZZEMBE01";"Ember Regent";"1000-01-01";"-";"14";"14";"0";"Nila";"2026-07-04 09:22:45";"16";"1";"assets/qrcode/stockopname/OP_ZZEMBE01_3106.png";NULL;"2026-07-04 02:22:45";NULL
"183";"3235";"ZZTOPI10";"Topi Syngenta";"1000-01-01";"-";"230";"230";"0";"Anam";"2026-07-04 09:22:56";"16";"2";"assets/qrcode/stockopname/OP_ZZTOPI10_3235.png";NULL;"2026-07-04 02:22:56";NULL
"184";"3080";"ZZBAJU01";"Baju Koko";"1000-01-01";"-";"15";"15";"0";"Nila";"2026-07-04 09:22:56";"16";"1";"assets/qrcode/stockopname/OP_ZZBAJU01_3080.png";NULL;"2026-07-04 02:22:56";NULL
"185";"3158";"ZZKAOS99";"Kaos Karisma Setia";"1000-01-01";"-";"37";"37";"0";"Nila";"2026-07-04 09:23:06";"16";"1";"assets/qrcode/stockopname/OP_ZZKAOS99_3158.png";NULL;"2026-07-04 02:23:06";NULL
"186";"3215";"ZZSARU09";"Sarung Wadimor";"1000-01-01";"-";"300";"300";"0";"Anam";"2026-07-04 09:23:06";"16";"2";"assets/qrcode/stockopname/OP_ZZSARU09_3215.png";NULL;"2026-07-04 02:23:06";NULL
"187";"1158";"QHAND01";"Handstarter Star Metal";"1000-01-01";"-";"11";"11";"0";"Ahmad";"2026-07-04 09:23:12";"17";"2";"assets/qrcode/stockopname/OP_QGLUF03_1158.png";NULL;"2026-07-04 02:23:12";NULL
"188";"3228";"ZZT-SH05";"T-Shirt Tapus";"1000-01-01";"-";"20";"20";"0";"Anam";"2026-07-04 09:23:17";"16";"2";"assets/qrcode/stockopname/OP_ZZT-SH05_3228.png";NULL;"2026-07-04 02:23:17";NULL
"189";"3110";"ZZGELA06";"Gelas Polos HS-9";"1000-01-01";"-";"198";"198";"0";"Nila";"2026-07-04 09:23:21";"16";"1";"assets/qrcode/stockopname/OP_ZZGELA06_3110.png";NULL;"2026-07-04 02:23:21";NULL
"190";"3226";"ZZT-SH03";"T-Shirt Rice Quick";"1000-01-01";"-";"20";"20";"0";"Anam";"2026-07-04 09:23:25";"16";"2";"assets/qrcode/stockopname/OP_ZZT-SH03_3226.png";NULL;"2026-07-04 02:23:25";NULL
"191";"2121";"APUMP01";"Pump Protection Plate Yamaha";"1000-01-01";"-";"10";"10";"0";"Ahmad";"2026-07-04 09:23:32";"17";"2";"assets/qrcode/stockopname/OP_APOLY31_2121.png";NULL;"2026-07-04 02:23:32";NULL
"192";"3227";"ZZT-SH04";"T-Shirt Banjo Forte";"1000-01-01";"-";"20";"20";"0";"Anam";"2026-07-04 09:23:34";"16";"2";"assets/qrcode/stockopname/OP_ZZT-SH04_3227.png";NULL;"2026-07-04 02:23:34";NULL
"193";"3182";"ZZKAOS262";"Kaos Oblong Associate";"1000-01-01";"-";"2000";"2000";"0";"Nila";"2026-07-04 09:23:41";"16";"1";"assets/qrcode/stockopname/OP_QKAOS04_3182.png";NULL;"2026-07-04 02:23:41";NULL
"194";"2257";"QREGE02";"Regent 50 SC Red 48 X 100 ml";"2028-01-01";"-";"14400";"0";"300";"Lia";"2026-07-04 09:23:42";"15";"2";"assets/qrcode/stockopname/OP_QQIUM07_2257.png";NULL;"2026-07-04 02:23:42";NULL
"195";"2390";"ASELA02";"Selang + Kran Pencet Baru (GA)";"1000-01-01";"-";"2";"2";"0";"Ahmad";"2026-07-04 09:23:45";"17";"2";"assets/qrcode/stockopname/OP_QRIZO03_2390.png";NULL;"2026-07-04 02:23:45";NULL
"196";"3229";"ZZT-SH06";"T-Shirt Arigato";"1000-01-01";"-";"170";"170";"0";"Anam";"2026-07-04 09:23:46";"16";"2";"assets/qrcode/stockopname/OP_ZZT-SH06_3229.png";NULL;"2026-07-04 02:23:46";NULL
"197";"1892";"QPAKE08";"Paket Cornbelt 336 EC 20 X 50 ml";"2026-09-01";"-";"860";"0";"43";"Deva";"2026-07-04 09:23:48";"15";"1";"assets/qrcode/stockopname/OP_QNPKC13_1892.png";NULL;"2026-07-04 02:23:48";NULL
"198";"3078";"ZZXBAN01";"X-Banner (Cling)";"1000-01-01";"-";"10";"10";"0";"Nila";"2026-07-04 09:23:52";"16";"1";"assets/qrcode/stockopname/OP_ZZXBAN01_3078.png";NULL;"2026-07-04 02:23:52";NULL
"199";"3210";"ZZSARU12";"Sarung BASF";"1000-01-01";"-";"97";"97";"0";"Anam";"2026-07-04 09:23:58";"16";"2";"assets/qrcode/stockopname/OP_ZZSARU12_3210.png";NULL;"2026-07-04 02:23:58";NULL
"200";"3143";"ZZKAOS85";"Kaos Dekalb ( T Shirt Anak )";"1000-01-01";"-";"81";"81";"0";"Nila";"2026-07-04 09:24:00";"16";"1";"assets/qrcode/stockopname/OP_ZZKAOS85_3143.png";NULL;"2026-07-04 02:24:00";NULL
"201";"2394";"ASELA13";"Selang Drip 015 X 4 X 200 HTM @2.4kg/rol (sample)";"1000-01-01";"-";"1";"1";"0";"Sukma";"2026-07-04 09:24:01";"17";"1";"assets/qrcode/stockopname/OP_QROTR01_2394.png";NULL;"2026-07-04 02:24:01";NULL
"202";"3175";"ZZKAOS201";"Kaos Mulsa Hanoman";"1000-01-01";"-";"53";"53";"0";"Nila";"2026-07-04 09:24:10";"16";"1";"assets/qrcode/stockopname/OP_ZZKAOS201_3175.png";NULL;"2026-07-04 02:24:10";NULL
"203";"3207";"ZZSARU27";"Sarung Abu Rizqi";"1000-01-01";"-";"410";"410";"0";"Anam";"2026-07-04 09:24:11";"16";"2";"assets/qrcode/stockopname/OP_ZZSARU27_3207.png";NULL;"2026-07-04 02:24:11";NULL
"204";"2392";"ASELA11";"Selang Drip 010 X 4 X 200 HTM @1.4kg/rol (sample)";"1000-01-01";"-";"1";"1";"0";"Sukma";"2026-07-04 09:24:13";"17";"1";"assets/qrcode/stockopname/OP_QROBU01_2392.png";NULL;"2026-07-04 02:24:13";NULL
"205";"3133";"ZZKAOS06";"Kaos Bayer";"1000-01-01";"-";"1213";"1213";"0";"Nila";"2026-07-04 09:24:22";"16";"1";"assets/qrcode/stockopname/OP_ZZKAOS06_3133.png";NULL;"2026-07-04 02:24:22";NULL
"206";"3169";"ZZKAOS260";"Kaos Jagung ADV 132";"1000-01-01";"-";"334";"334";"0";"Anam";"2026-07-04 09:24:22";"16";"2";"assets/qrcode/stockopname/OP_ZZKAOS260_3169.png";NULL;"2026-07-04 02:24:22";NULL
"207";"2393";"ASELA12";"Selang Drip 015 X 4 X 100 HTM @1.2kg/rol (sample)";"1000-01-01";"-";"1";"1";"0";"Sukma";"2026-07-04 09:24:25";"17";"1";"assets/qrcode/stockopname/OP_QROTR01_2393.png";NULL;"2026-07-04 02:24:25";NULL
"208";"3244";"ZZBALI01";"Baliho Cling";"1000-01-01";"-";"2";"2";"0";"Nila";"2026-07-04 09:24:31";"16";"1";"assets/qrcode/stockopname/OP_ZZBALI01_3244.png";NULL;"2026-07-04 02:24:31";NULL
"209";"3113";"QJAKE01";"Jaket Java Karlos";"1000-01-01";"-";"27";"27";"0";"Anam";"2026-07-04 09:24:32";"16";"2";"assets/qrcode/stockopname/OP_QJAKE01_3113.png";NULL;"2026-07-04 02:24:32";NULL
"210";"2251";"QREGE09";"Regent 50 SC Red 24 X 250 ml";"2027-12-01";"-";"2976";"0";"124";"Lia";"2026-07-04 09:24:36";"15";"2";"assets/qrcode/stockopname/OP_QQIUD01_2251.png";NULL;"2026-07-04 02:24:36";NULL
"211";"2395";"ASELA09";"Selang Drip 05 X 4 X 300 HTM @0.8kg/rol (sample)";"1000-01-01";"-";"1";"1";"0";"Sukma";"2026-07-04 09:24:37";"17";"1";"assets/qrcode/stockopname/OP_QROTR01_2395.png";NULL;"2026-07-04 02:24:37";NULL
"212";"3114";"ZZJAKE02";"Jaket JJM ( Sortie )";"1000-01-01";"-";"81";"81";"0";"Anam";"2026-07-04 09:24:40";"16";"2";"assets/qrcode/stockopname/OP_ZZJAKE02_3114.png";NULL;"2026-07-04 02:24:40";NULL
"213";"2706";"QULTR01";"Ultrasoline 10 X 2 kg";"2027-01-01";"-";"340";"0";"34";"Deva";"2026-07-04 09:24:41";"15";"1";"assets/qrcode/stockopname/OP_QTANG48_2706.png";NULL;"2026-07-04 02:24:41";NULL
"214";"3094";"ZZBUKU04";"Buku Tulis Cymax";"1000-01-01";"-";"2135";"2135";"0";"Nila";"2026-07-04 09:24:45";"16";"1";"assets/qrcode/stockopname/OP_ZZBUKU04_3094.png";NULL;"2026-07-04 02:24:45";NULL
"215";"2391";"ASELA10";"Selang Drip 010 X 4 X 100 HTM @0.7kg/rol (sample)";"1000-01-01";"-";"1";"1";"0";"Sukma";"2026-07-04 09:24:49";"17";"1";"assets/qrcode/stockopname/OP_QROBU02_2391.png";NULL;"2026-07-04 02:24:49";NULL
"216";"3115";"ZZJAKE04";"Jaket Syngenta ( Cruiser )";"1000-01-01";"-";"199";"199";"0";"Anam";"2026-07-04 09:24:51";"16";"2";"assets/qrcode/stockopname/OP_ZZJAKE04_3115.png";NULL;"2026-07-04 02:24:51";NULL
"217";"3219";"ZZSPAN07";"Spanduk Mulsa Karisma";"1000-01-01";"-";"3";"3";"0";"Nila";"2026-07-04 09:24:57";"16";"1";"assets/qrcode/stockopname/OP_ZZSPAN07_3219.png";NULL;"2026-07-04 02:24:57";NULL
"218";"2396";"ASELA08";"Selang Drip 05 X 4 X 90 HTM @0.24kg/rol (sample)";"1000-01-01";"-";"1";"1";"0";"Sukma";"2026-07-04 09:24:59";"17";"1";"assets/qrcode/stockopname/OP_QROTR01_2396.png";NULL;"2026-07-04 02:24:59";NULL
"219";"1280";"AKLEP01";"Klep Kulit 14 ltr Star Metal";"1000-01-01";"-";"78";"78";"0";"Ahmad";"2026-07-04 09:25:03";"17";"2";"assets/qrcode/stockopname/OP_QKALI09_1280.png";NULL;"2026-07-04 02:25:03";NULL
"220";"2252";"QREGE09";"Regent 50 SC Red 24 X 250 ml";"2028-01-01";"-";"4224";"0";"176";"Lia";"2026-07-04 09:25:04";"15";"2";"assets/qrcode/stockopname/OP_QQIUD01_2252.png";NULL;"2026-07-04 02:25:04";NULL
"221";"3230";"ZZTOPI01";"Topi Agricon";"1000-01-01";"-";"7583";"7583";"0";"Nila";"2026-07-04 09:25:09";"16";"1";"assets/qrcode/stockopname/OP_ZZTOPI01_3230.png";NULL;"2026-07-04 02:25:09";NULL
"222";"3179";"ZZKAOS202";"Kaos Novatec";"1000-01-01";"-";"423";"423";"0";"Anam";"2026-07-04 09:25:17";"16";"2";"assets/qrcode/stockopname/OP_ZZKAOS202_3179.png";NULL;"2026-07-04 02:25:17";NULL
"223";"2710";"QULTR01";"Ultrasoline 10 X 2 kg";"2028-03-01";"-";"130";"0";"13";"Deva";"2026-07-04 09:25:21";"15";"1";"assets/qrcode/stockopname/OP_QTANG08_2710.png";NULL;"2026-07-04 02:25:21";NULL
"224";"3201";"ZZMANG01";"Mangkok ART.FSY 178-B";"1000-01-01";"-";"6";"6";"0";"Nila";"2026-07-04 09:25:21";"16";"1";"assets/qrcode/stockopname/OP_ZZMANG01_3201.png";NULL;"2026-07-04 02:25:21";NULL
"225";"3096";"ZZCELA02";"Celana Prevathon";"1000-01-01";"-";"200";"200";"0";"Anam";"2026-07-04 09:25:25";"16";"2";"assets/qrcode/stockopname/OP_ZZCELA02_3096.png";NULL;"2026-07-04 02:25:25";NULL
"226";"3170";"QKAOS03";"Kaos MIA Kerah";"1000-01-01";"-";"1";"1";"0";"Nila";"2026-07-04 09:25:31";"16";"1";"assets/qrcode/stockopname/OP_QKAOS03_3170.png";NULL;"2026-07-04 02:25:31";NULL
"227";"2709";"QULTR01";"Ultrasoline 10 X 2 kg";"2028-02-01";"-";"130";"0";"13";"Deva";"2026-07-04 09:25:35";"15";"1";"assets/qrcode/stockopname/OP_QTANG12_2709.png";NULL;"2026-07-04 02:25:35";NULL
"228";"3225";"ZZT-SH01";"T-Shirt Polo Endure/Nurelle";"1000-01-01";"-";"40";"40";"0";"Anam";"2026-07-04 09:25:36";"16";"2";"assets/qrcode/stockopname/OP_ZZT-SH01_3225.png";NULL;"2026-07-04 02:25:36";NULL
"229";"3232";"ZZTOPI16";"Topi Mulsa Hanoman";"1000-01-01";"-";"3";"3";"0";"Nila";"2026-07-04 09:25:40";"16";"1";"assets/qrcode/stockopname/OP_ZZTOPI16_3232.png";NULL;"2026-07-04 02:25:40";NULL
"230";"3154";"ZZKAOS222";"Kaos Intergan";"1000-01-01";"-";"101";"101";"0";"Anam";"2026-07-04 09:25:43";"16";"2";"assets/qrcode/stockopname/OP_ZZKAOS222_3154.png";NULL;"2026-07-04 02:25:43";NULL
"231";"3233";"ZZTOPI07";"Topi PT Karisma";"1000-01-01";"-";"5";"5";"0";"Nila";"2026-07-04 09:25:49";"16";"1";"assets/qrcode/stockopname/OP_ZZTOPI07_3233.png";NULL;"2026-07-04 02:25:49";NULL
"232";"3176";"ZZKAOS47";"Kaos Mulsa Kuda";"1000-01-01";"-";"138";"138";"0";"Anam";"2026-07-04 09:25:49";"16";"2";"assets/qrcode/stockopname/OP_ZZKAOS47_3176.png";NULL;"2026-07-04 02:25:49";NULL
"233";"2707";"QULTR01";"Ultrasoline 10 X 2 kg";"2027-06-01";"-";"110";"0";"11";"Deva";"2026-07-04 09:25:55";"15";"1";"assets/qrcode/stockopname/OP_QTANG47_2707.png";NULL;"2026-07-04 02:25:55";NULL
"234";"3144";"ZZKAOS169";"Kaos Dupont";"1000-01-01";"-";"300";"300";"0";"Anam";"2026-07-04 09:25:58";"16";"2";"assets/qrcode/stockopname/OP_ZZKAOS169_3144.png";NULL;"2026-07-04 02:25:58";NULL
"235";"3085";"QBROS01";"Brosur Associate";"1000-01-01";"-";"1098";"1098";"0";"Nila";"2026-07-04 09:26:03";"16";"1";"assets/qrcode/stockopname/OP_QBROS01_3085.png";NULL;"2026-07-04 02:26:03";NULL
"236";"1790";"QNOSE03";"Nosel N-02";"1000-01-01";"-";"10";"10";"0";"Ahmad";"2026-07-04 09:26:06";"17";"2";"assets/qrcode/stockopname/OP_QMUL112_1790.png";NULL;"2026-07-04 02:26:06";NULL
"237";"3248";"ZZUMBU15";"Umbul-Umbul Bisi 959";"1000-01-01";"-";"320";"320";"0";"Anam";"2026-07-04 09:26:07";"16";"2";"assets/qrcode/stockopname/OP_ZZUMBU15_3248.png";NULL;"2026-07-04 02:26:07";NULL
"238";"3200";"ZZKUNC01";"Kunci Inggris set";"1000-01-01";"-";"2";"2";"0";"Nila";"2026-07-04 09:26:14";"16";"1";"assets/qrcode/stockopname/OP_ZZKUNC01_3200.png";NULL;"2026-07-04 02:26:14";NULL
"239";"3188";"ZZKAOS69";"Kaos Syngenta";"1000-01-01";"-";"1200";"1200";"0";"Anam";"2026-07-04 09:26:16";"16";"2";"assets/qrcode/stockopname/OP_ZZKAOS69_3188.png";NULL;"2026-07-04 02:26:16";NULL
"240";"1791";"QNOSE04";"Nosel N-06";"1000-01-01";"-";"10";"10";"0";"Ahmad";"2026-07-04 09:26:18";"17";"2";"assets/qrcode/stockopname/OP_QMULS37_1791.png";NULL;"2026-07-04 02:26:18";NULL
"241";"3231";"ZZTOPI12";"Topi Bayer";"1000-01-01";"-";"150";"150";"0";"Nila";"2026-07-04 09:26:25";"16";"1";"assets/qrcode/stockopname/OP_ZZTOPI12_3231.png";NULL;"2026-07-04 02:26:25";NULL
"242";"1792";"QNOSE05";"Nosel N-07";"1000-01-01";"-";"10";"10";"0";"Ahmad";"2026-07-04 09:26:26";"17";"2";"assets/qrcode/stockopname/OP_QMULS39_1792.png";NULL;"2026-07-04 02:26:26";NULL
"243";"2708";"QULTR01";"Ultrasoline 10 X 2 kg";"2027-11-01";"-";"670";"0";"67";"Deva";"2026-07-04 09:26:29";"15";"1";"assets/qrcode/stockopname/OP_QTANG20_2708.png";NULL;"2026-07-04 02:26:29";NULL
"244";"3189";"ZZKAOS69";"Kaos Syngenta";"1000-01-01";"-";"3460";"3460";"0";"Anam";"2026-07-04 09:26:31";"16";"2";"assets/qrcode/stockopname/OP_ZZKAOS69_3189.png";NULL;"2026-07-04 02:26:31";NULL
"245";"3234";"ZZTOPI15";"Topi Rimba Atonik";"1000-01-01";"-";"15";"15";"0";"Nila";"2026-07-04 09:26:40";"16";"1";"assets/qrcode/stockopname/OP_ZZTOPI15_3234.png";NULL;"2026-07-04 02:26:40";NULL
"246";"3182";"ZZKAOS262";"Kaos Oblong Associate";"1000-01-01";"-";"1481";"1481";"0";"Anam";"2026-07-04 09:26:42";"16";"2";"assets/qrcode/stockopname/OP_QKAOS04_3182.png";NULL;"2026-07-04 02:26:42";NULL
"247";"3153";"ZZKAOS257";"Kaos Impetus";"1000-01-01";"-";"210";"210";"0";"Anam";"2026-07-04 09:26:51";"16";"2";"assets/qrcode/stockopname/OP_ZZKAOS257_3153.png";NULL;"2026-07-04 02:26:51";NULL
"248";"3090";"ZZBUKU07";"Buku Agenda FMC";"1000-01-01";"-";"20";"20";"0";"Nila";"2026-07-04 09:26:51";"16";"1";"assets/qrcode/stockopname/OP_ZZBUKU07_3090.png";NULL;"2026-07-04 02:26:51";NULL
"250";"3127";"ZZKAOS152";"Kaos Atonik";"1000-01-01";"-";"10";"10";"0";"Nila";"2026-07-04 09:27:04";"16";"1";"assets/qrcode/stockopname/OP_ZZKAOS152_3127.png";NULL;"2026-07-04 02:27:04";NULL
"251";"2284";"QRING01";"Ring Biru Plastik Kecil";"1000-01-01";"-";"40";"40";"0";"Ahmad";"2026-07-04 09:27:06";"17";"2";"assets/qrcode/stockopname/OP_QQIUS02_2284.png";NULL;"2026-07-04 02:27:06";NULL
"252";"3091";"ZZBUKU05";"Buku Agenda";"1000-01-01";"-";"19";"19";"0";"Nila";"2026-07-04 09:27:13";"16";"1";"assets/qrcode/stockopname/OP_ZZBUKU05_3091.png";NULL;"2026-07-04 02:27:13";NULL
"253";"3148";"QKAOS17";"Kaos Futay";"1000-01-01";"-";"3500";"3500";"0";"Anam";"2026-07-04 09:27:13";"16";"2";"assets/qrcode/stockopname/OP_QKAOS17_3148.png";NULL;"2026-07-04 02:27:13";NULL
"254";"3093";"ZZBUKU08";"Buku Agenda Java Karlos";"1000-01-01";"-";"5";"5";"0";"Nila";"2026-07-04 09:27:21";"16";"1";"assets/qrcode/stockopname/OP_ZZBUKU08_3093.png";NULL;"2026-07-04 02:27:21";NULL
"255";"3145";"ZZKAOS17";"Kaos EM-4";"1000-01-01";"-";"2650";"2650";"0";"Anam";"2026-07-04 09:27:25";"16";"2";"assets/qrcode/stockopname/OP_ZZKAOS17_3145.png";NULL;"2026-07-04 02:27:25";NULL
"256";"3111";"ZZGELA07";"Gelas Wine";"1000-01-01";"-";"12";"12";"0";"Nila";"2026-07-04 09:27:31";"16";"1";"assets/qrcode/stockopname/OP_ZZGELA07_3111.png";NULL;"2026-07-04 02:27:31";NULL
"257";"3129";"ZZKAOS04";"Kaos Bactocyn Putih/New";"1000-01-01";"-";"324";"324";"0";"Anam";"2026-07-04 09:27:34";"16";"2";"assets/qrcode/stockopname/OP_ZZKAOS04_3129.png";NULL;"2026-07-04 02:27:34";NULL
"258";"3146";"ZZKAOS18";"Kaos Excel";"1000-01-01";"-";"1650";"1650";"0";"Anam";"2026-07-04 09:27:41";"16";"2";"assets/qrcode/stockopname/OP_ZZKAOS18_3146.png";NULL;"2026-07-04 02:27:41";NULL
"259";"3171";"QKAOS14";"Kaos MIA Kerah Elazaro";"1000-01-01";"-";"28";"28";"0";"Nila";"2026-07-04 09:27:43";"16";"1";"assets/qrcode/stockopname/OP_QKAOS14_3171.png";NULL;"2026-07-04 02:27:43";NULL
"261";"3186";"ZZKAOS266";"Kaos Paket Ampuh";"1000-01-01";"-";"874";"874";"0";"Anam";"2026-07-04 09:27:51";"16";"2";"assets/qrcode/stockopname/OP_ZZKAOS266_3186.png";NULL;"2026-07-04 02:27:51";NULL
"262";"3183";"ZZKAOS275";"Kaos Oblong Amolin";"1000-01-01";"-";"10";"10";"0";"Nila";"2026-07-04 09:27:53";"16";"1";"assets/qrcode/stockopname/OP_ZZKAOS275_3183.png";NULL;"2026-07-04 02:27:53";NULL
"265";"3131";"ZZKAOS101";"Kaos Bamex";"1000-01-01";"-";"810";"810";"0";"Anam";"2026-07-04 09:28:01";"16";"2";"assets/qrcode/stockopname/OP_QKAOS15_3131.png";NULL;"2026-07-04 02:28:01";NULL
"266";"3112";"ZZHAND08";"Handuk BASF";"1000-01-01";"-";"20";"20";"0";"Nila";"2026-07-04 09:28:03";"16";"1";"assets/qrcode/stockopname/OP_ZZHAND08_3112.png";NULL;"2026-07-04 02:28:03";NULL
"268";"3140";"QKAOS11";"Kaos Cotton Combed Java karlos";"1000-01-01";"-";"140";"140";"0";"Anam";"2026-07-04 09:28:10";"16";"2";"assets/qrcode/stockopname/OP_QKAOS11_3140.png";NULL;"2026-07-04 02:28:10";NULL
"269";"3155";"ZZKAOS221";"Kaos Jagung Manis Golden Boy";"1000-01-01";"-";"17";"17";"0";"Nila";"2026-07-04 09:28:14";"16";"1";"assets/qrcode/stockopname/OP_ZZKAOS221_3155.png";NULL;"2026-07-04 02:28:14";NULL
"271";"3180";"ZZKAOS236";"Kaos Phosgrow";"1000-01-01";"-";"281";"281";"0";"Anam";"2026-07-04 09:28:18";"16";"2";"assets/qrcode/stockopname/OP_ZZKAOS236_3180.png";NULL;"2026-07-04 02:28:18";NULL
"272";"3128";"ZZKAOS45";"Kaos Polo Amuron";"1000-01-01";"-";"24";"24";"0";"Nila";"2026-07-04 09:28:23";"16";"1";"assets/qrcode/stockopname/OP_ZZKAOS45_3128.png";NULL;"2026-07-04 02:28:23";NULL
"273";"3132";"ZZKAOS101";"Kaos Bamex";"1000-01-01";"-";"400";"400";"0";"Anam";"2026-07-04 09:28:26";"16";"2";"assets/qrcode/stockopname/OP_QKAOS15_3132.png";NULL;"2026-07-04 02:28:26";NULL
"274";"3185";"ZZKAOS197";"Kaos Prima-Zeb";"1000-01-01";"-";"116";"116";"0";"Anam";"2026-07-04 09:28:37";"16";"2";"assets/qrcode/stockopname/OP_ZZKAOS197_3185.png";NULL;"2026-07-04 02:28:37";NULL
"275";"3076";"ZZBAJU02";"Baju Batik";"1000-01-01";"-";"68";"68";"0";"Nila";"2026-07-04 09:28:42";"16";"1";"assets/qrcode/stockopname/OP_ZZBAJU02_3076.png";NULL;"2026-07-04 02:28:42";NULL
"276";"3152";"QKAOS10";"Kaos Hyget Panjang Super Java";"1000-01-01";"-";"168";"168";"0";"Anam";"2026-07-04 09:28:46";"16";"2";"assets/qrcode/stockopname/OP_QKAOS10_3152.png";NULL;"2026-07-04 02:28:46";NULL
"277";"2697";"ATUTU06";"Tutup Botol Pet Putih Susu Piraklo 250 ml";"1000-01-01";"-";"813";"813";"0";"Deva";"2026-07-04 09:28:48";"15";"1";"assets/qrcode/stockopname/OP_QTANG58_2697.png";NULL;"2026-07-04 02:28:48";NULL
"278";"2531";"ASTAI01";"Stainless Steel Clip Yamaha";"1000-01-01";"-";"81";"81";"0";"Ahmad";"2026-07-04 09:28:51";"17";"2";"assets/qrcode/stockopname/OP_QSIDA14_2531.png";NULL;"2026-07-04 02:28:51";NULL
"279";"3141";"ZZKAOS192";"Kaos dan Tas Boron & Zinc";"1000-01-01";"-";"95";"95";"0";"Anam";"2026-07-04 09:28:52";"16";"2";"assets/qrcode/stockopname/OP_ZZKAOS192_3141.png";NULL;"2026-07-04 02:28:52";NULL
"280";"1630";"AMONT01";"Montana 230 EC 50 X 100 ml (sampel)";"1000-01-01";"-";"9";"9";"0";"Sukma";"2026-07-04 09:28:52";"17";"1";"assets/qrcode/stockopname/OP_QMETI01_1630.png";NULL;"2026-07-04 02:28:52";NULL
"281";"502";"ABOTO04";"Botol Pet Piraklo 250 ml (Logo MIA)";"1000-01-01";"-";"116";"116";"0";"Deva";"2026-07-04 09:28:55";"15";"1";"assets/qrcode/stockopname/OP_QBML01_502.png";NULL;"2026-07-04 02:28:55";NULL
"282";"3134";"ZZKAOS211";"Kaos Bencore";"1000-01-01";"-";"30";"30";"0";"Nila";"2026-07-04 09:28:55";"16";"1";"assets/qrcode/stockopname/OP_ZZKAOS211_3134.png";NULL;"2026-07-04 02:28:55";NULL
"283";"2479";"ASORE01";"Sorexin 100 SC 250 ml (Sample)";"1000-01-01";"-";"1";"1";"0";"Sukma";"2026-07-04 09:29:04";"17";"1";"assets/qrcode/stockopname/OP_QSCOR03_2479.png";NULL;"2026-07-04 02:29:04";NULL
"284";"503";"ABOTO01";"Botol Pet Putih Susu Piraklo 250 ml";"1000-01-01";"-";"1100";"1100";"0";"Deva";"2026-07-04 09:29:05";"15";"1";"assets/qrcode/stockopname/OP_QBML01_503.png";NULL;"2026-07-04 02:29:05";NULL
"285";"3206";"ZZSABU02";"Sabun Harimau Kuat 24 x 300 gr";"1000-01-01";"-";"455";"455";"0";"Anam";"2026-07-04 09:29:06";"16";"2";"assets/qrcode/stockopname/OP_ZZSABU02_3206.png";NULL;"2026-07-04 02:29:06";NULL
"286";"3096";"ZZCELA02";"Celana Prevathon";"1000-01-01";"-";"38";"38";"0";"Nila";"2026-07-04 09:29:07";"16";"1";"assets/qrcode/stockopname/OP_ZZCELA02_3096.png";NULL;"2026-07-04 02:29:07";NULL
"287";"3087";"ZZBROS04";"Brosur Elazaro/Castora";"1000-01-01";"-";"19866";"19866";"0";"Anam";"2026-07-04 09:29:19";"16";"2";"assets/qrcode/stockopname/OP_QBROS04_3087.png";NULL;"2026-07-04 02:29:19";NULL
"288";"3135";"ZZKAOS189";"Kaos Bisi 99/79";"1000-01-01";"-";"10";"10";"0";"Nila";"2026-07-04 09:29:22";"16";"1";"assets/qrcode/stockopname/OP_ZZKAOS189_3135.png";NULL;"2026-07-04 02:29:22";NULL
"289";"2704";"ATUTU07";"Tutup Warna Hijau Botol Vishaka 100 ml";"1000-01-01";"-";"2510";"2510";"0";"Deva";"2026-07-04 09:29:24";"15";"1";"assets/qrcode/stockopname/OP_QTANG57_2704.png";NULL;"2026-07-04 02:29:24";NULL
"290";"1953";"APENT03";"Pentagon 50 ml (Sample)";"1000-01-01";"-";"48";"48";"0";"Sukma";"2026-07-04 09:29:30";"17";"1";"assets/qrcode/stockopname/OP_QPAKE12_1953.png";NULL;"2026-07-04 02:29:30";NULL
"291";"3086";"ZZBROS03";"Brosur Desanto/Piraklo";"1000-01-01";"-";"17938";"17938";"0";"Anam";"2026-07-04 09:29:33";"16";"2";"assets/qrcode/stockopname/OP_QBROS03_3086.png";NULL;"2026-07-04 02:29:33";NULL
"292";"504";"ABOTO02";"Botol Vishaka 100 ml Tutup Hijau";"1000-01-01";"-";"2219";"2219";"0";"Deva";"2026-07-04 09:29:34";"15";"1";"assets/qrcode/stockopname/OP_QBMOP01_504.png";NULL;"2026-07-04 02:29:34";NULL
"293";"3203";"QPAYU01";"Payung Java Karlos";"1000-01-01";"-";"16";"16";"0";"Nila";"2026-07-04 09:29:35";"16";"1";"assets/qrcode/stockopname/OP_QPAYU01_3203.png";NULL;"2026-07-04 02:29:35";NULL
"294";"2469";"ASNOW01";"Snowden 30 EC 100 ml (sampel)";"1000-01-01";"-";"7";"7";"0";"Sukma";"2026-07-04 09:29:44";"17";"1";"assets/qrcode/stockopname/OP_QSATU02_2469.png";NULL;"2026-07-04 02:29:44";NULL
"295";"3084";"ZZBROS02";"Brosur Armeira/Vishaka";"1000-01-01";"-";"10594";"10594";"0";"Anam";"2026-07-04 09:29:45";"16";"2";"assets/qrcode/stockopname/OP_ZZBROS02_3084.png";NULL;"2026-07-04 02:29:45";NULL
"296";"3194";"ZZKAOS146";"Kaos Tumagon";"1000-01-01";"-";"42";"42";"0";"Nila";"2026-07-04 09:29:48";"16";"1";"assets/qrcode/stockopname/OP_ZZKAOS146_3194.png";NULL;"2026-07-04 02:29:48";NULL
"297";"3088";"ZZBROS05";"Brosur RPSM";"1000-01-01";"-";"10379";"10379";"0";"Anam";"2026-07-04 09:29:55";"16";"2";"assets/qrcode/stockopname/OP_ZZBROS05_3088.png";NULL;"2026-07-04 02:29:55";NULL
"298";"2726";"AUNIS01";"Unista 100 SC 40 X 250 ml (Sample)";"2026-06-01";"-";"9";"9";"0";"Sukma";"2026-07-04 09:30:01";"17";"1";"assets/qrcode/stockopname/OP_QTHRI01_2726.png";NULL;"2026-07-04 02:30:01";NULL
"299";"1893";"QPAKE08";"Paket Cornbelt 336 EC 20 X 50 ml";"2027-01-01";"-";"1920";"0";"96";"Deva";"2026-07-04 09:30:04";"15";"1";"assets/qrcode/stockopname/OP_QNPKR06_1893.png";NULL;"2026-07-04 02:30:04";NULL
"300";"3212";"QSARU01";"Sarung Java karlos";"1000-01-01";"-";"36";"36";"0";"Nila";"2026-07-04 09:30:07";"16";"1";"assets/qrcode/stockopname/OP_QSARU01_3212.png";NULL;"2026-07-04 02:30:07";NULL
"301";"3148";"QKAOS17";"Kaos Futay";"1000-01-01";"-";"2450";"2450";"0";"Anam";"2026-07-04 09:30:09";"16";"2";"assets/qrcode/stockopname/OP_QKAOS17_3148.png";NULL;"2026-07-04 02:30:09";NULL
"302";"3184";"ZZKAOS168";"Kaos Ponco Ceba";"1000-01-01";"-";"11";"11";"0";"Nila";"2026-07-04 09:30:18";"16";"1";"assets/qrcode/stockopname/OP_ZZKAOS168_3184.png";NULL;"2026-07-04 02:30:18";NULL
"303";"1475";"AMANO02";"Manohara 250 gr";"1000-01-01";"-";"4";"4";"0";"Sukma";"2026-07-04 09:30:19";"17";"1";"assets/qrcode/stockopname/OP_QLENA03_1475.png";NULL;"2026-07-04 02:30:19";NULL
"304";"1180";"AHIJA01";"Hijau 250 ml";"2023-10-01";"-";"4";"4";"0";"Sukma";"2026-07-04 09:30:30";"17";"1";"assets/qrcode/stockopname/OP_QGOLD12_1180.png";NULL;"2026-07-04 02:30:30";NULL
"305";"3202";"ZZPAKE02";"Paket Kaos dan Tas BrZn";"1000-01-01";"-";"7";"7";"0";"Nila";"2026-07-04 09:30:31";"16";"1";"assets/qrcode/stockopname/OP_ZZPAKE02_3202.png";NULL;"2026-07-04 02:30:31";NULL
"306";"910";"AFORT01";"Fortune 250 ml";"2023-09-01";"-";"5";"5";"0";"Sukma";"2026-07-04 09:30:41";"17";"1";"assets/qrcode/stockopname/OP_QFENV04_910.png";NULL;"2026-07-04 02:30:41";NULL
"307";"2524";"ASPUY05";"Spuyer Tunggal / Lancip Star Metal";"1000-01-01";"-";"54";"54";"0";"Ahmad";"2026-07-04 09:30:48";"17";"2";"assets/qrcode/stockopname/OP_ASHAL01_2524.png";NULL;"2026-07-04 02:30:48";NULL
"308";"3121";"ZZKAME01";"Kamem";"1000-01-01";"-";"4";"4";"0";"Nila";"2026-07-04 09:30:49";"16";"1";"assets/qrcode/stockopname/OP_ZZKAME01_3121.png";NULL;"2026-07-04 02:30:49";NULL
"309";"3157";"ZZKAOS29";"Kaos Karisma";"1000-01-01";"-";"16";"16";"0";"Nila";"2026-07-04 09:31:06";"16";"1";"assets/qrcode/stockopname/OP_QKAOS08_3157.png";NULL;"2026-07-04 02:31:06";NULL
"310";"2711";"QULTR01";"Ultrasoline 10 X 2 kg";"2028-07-01";"-";"390";"0";"39";"Deva";"2026-07-04 09:31:13";"15";"1";"assets/qrcode/stockopname/OP_QTANG10_2711.png";NULL;"2026-07-04 02:31:13";NULL
"311";"3168";"ZZKAOS277";"Kaos Lacos JAI";"1000-01-01";"-";"2";"2";"0";"Nila";"2026-07-04 09:31:18";"16";"1";"assets/qrcode/stockopname/OP_ZZKAOS277_3168.png";NULL;"2026-07-04 02:31:18";NULL
"312";"3161";"ZZKAOS219";"Kaos Lengan Panjang Bisi 77";"1000-01-01";"-";"25";"25";"0";"Nila";"2026-07-04 09:31:29";"16";"1";"assets/qrcode/stockopname/OP_ZZKAOS219_3161.png";NULL;"2026-07-04 02:31:29";NULL
"313";"2640";"QTOMB01";"Tombol Regulator";"1000-01-01";"-";"10";"10";"0";"Ahmad";"2026-07-04 09:31:43";"17";"2";"assets/qrcode/stockopname/OP_ASTAI01_2640.png";NULL;"2026-07-04 02:31:43";NULL
"314";"3204";"ZZPISA02";"Pisau Lipat Set";"1000-01-01";"-";"133";"133";"0";"Nila";"2026-07-04 09:31:48";"16";"1";"assets/qrcode/stockopname/OP_ZZPISA02_3204.png";NULL;"2026-07-04 02:31:48";NULL
"315";"2542";"ASTIC01";"Stick / Spindle Body Pc";"1000-01-01";"-";"21";"21";"0";"Ahmad";"2026-07-04 09:32:15";"17";"2";"assets/qrcode/stockopname/OP_QSIMO01_2542.png";NULL;"2026-07-04 02:32:15";NULL
"316";"754";"ADONK01";"Donkey 40 WP 100 X 100 gr (sampel)";"2024-07-01";"-";"16";"16";"0";"Sukma";"2026-07-04 09:32:30";"17";"1";"assets/qrcode/stockopname/OP_QDESA01_754.png";NULL;"2026-07-04 02:32:30";NULL
"317";"2370";"QSATU02";"Saturn Plus 20 X 500 ml";"2029-04-01";"-";"2440";"0";"122";"Deva";"2026-07-04 09:32:36";"15";"1";"assets/qrcode/stockopname/OP_QRIDO02_2370.png";NULL;"2026-07-04 02:32:36";NULL
"318";"1629";"QMONK04";"Monkey 40 SP 100 X 100 gr (Sample)";"2024-06-01";"-";"75";"75";"0";"Sukma";"2026-07-04 09:32:46";"17";"1";"assets/qrcode/stockopname/OP_QMETI01_1629.png";NULL;"2026-07-04 02:32:46";NULL
"319";"3195";"ZZKAOS276";"Kaos Sinway";"1000-01-01";"-";"982";"982";"0";"Nila";"2026-07-04 09:33:31";"16";"1";"assets/qrcode/stockopname/OP_ZZKAOS276_3195.png";NULL;"2026-07-04 02:33:31";NULL
"320";"2522";"ASPUY03";"Spuyer L 8";"1000-01-01";"-";"1";"1";"0";"Ahmad";"2026-07-04 09:33:34";"17";"2";"assets/qrcode/stockopname/OP_QSEVI03_2522.png";NULL;"2026-07-04 02:33:34";NULL
"321";"2122";"APUPU14";"Pupuk CaCo3 Manohara Sintesis (Sample)";"1000-01-01";"-";"3";"3";"0";"Sukma";"2026-07-04 09:33:35";"17";"1";"assets/qrcode/stockopname/OP_APOLY32_2122.png";NULL;"2026-07-04 02:33:35";NULL
"322";"3167";"ZZKAOS290";"Kaos Lengan Panjang Agrogibb";"1000-01-01";"-";"3275";"3275";"0";"Anam";"2026-07-04 09:33:45";"16";"2";"assets/qrcode/stockopname/OP_ZZKAOS290_3167.png";NULL;"2026-07-04 02:33:45";NULL
"323";"3150";"ZZKAOS212";"Kaos Gamectin";"1000-01-01";"-";"195";"195";"0";"Nila";"2026-07-04 09:33:45";"16";"1";"assets/qrcode/stockopname/OP_ZZKAOS212_3150.png";NULL;"2026-07-04 02:33:45";NULL
"324";"2123";"APUPU15";"Pupuk CaCo3 Qiucall Sintesis (Sample)";"1000-01-01";"-";"1";"1";"0";"Sukma";"2026-07-04 09:33:46";"17";"1";"assets/qrcode/stockopname/OP_APOLY33_2123.png";NULL;"2026-07-04 02:33:46";NULL
"325";"2521";"ASPUY01";"Spuyer L 3";"1000-01-01";"-";"1";"1";"0";"Ahmad";"2026-07-04 09:33:46";"17";"2";"assets/qrcode/stockopname/OP_QSEVI03_2521.png";NULL;"2026-07-04 02:33:46";NULL
"326";"3149";"ZZKAOS228";"Kaos Gibraz";"1000-01-01";"-";"1804";"1804";"0";"Anam";"2026-07-04 09:34:06";"16";"2";"assets/qrcode/stockopname/OP_ZZKAOS228_3149.png";NULL;"2026-07-04 02:34:06";NULL
"327";"1893";"QPAKE08";"Paket Cornbelt 336 EC 20 X 50 ml";"2027-01-01";"-";"1920";"0";"96";"Lia";"2026-07-04 09:34:13";"15";"2";"assets/qrcode/stockopname/OP_QNPKR06_1893.png";NULL;"2026-07-04 02:34:13";NULL
"328";"2667";"ATORI01";"Tori 50 WP 5 X 100 gr (Sample)";"1000-01-01";"-";"23";"23";"0";"Sukma";"2026-07-04 09:34:18";"17";"1";"assets/qrcode/stockopname/OP_ASWAL03_2667.png";NULL;"2026-07-04 02:34:18";NULL
"329";"1778";"ANEOR01";"Neoroot 16 X 250 gr (Sample)";"2025-08-01";"-";"2";"2";"0";"Sukma";"2026-07-04 09:34:33";"17";"1";"assets/qrcode/stockopname/OP_QMUL102_1778.png";NULL;"2026-07-04 02:34:33";NULL
"330";"3138";"ZZKAOS83";"Kaos Calaris";"1000-01-01";"-";"7415";"7415";"0";"Anam";"2026-07-04 09:34:38";"16";"2";"assets/qrcode/stockopname/OP_ZZKAOS83_3138.png";NULL;"2026-07-04 02:34:38";NULL
"331";"3164";"ZZKAOS250";"Kaos Lengan Panjang Q235";"1000-01-01";"-";"8081";"8081";"0";"Nila";"2026-07-04 09:34:46";"16";"1";"assets/qrcode/stockopname/OP_ZZKAOS250_3164.png";NULL;"2026-07-04 02:34:46";NULL
"332";"1971";"QPILL01";"Pilly 25 WP 20 gr";"2024-05-01";"-";"105";"105";"0";"Sukma";"2026-07-04 09:34:46";"17";"1";"assets/qrcode/stockopname/OP_QPAKE02_1971.png";NULL;"2026-07-04 02:34:46";NULL
"333";"3108";"ZZGELA01";"Gelas Agricon";"1000-01-01";"-";"2798";"2798";"0";"Anam";"2026-07-04 09:34:48";"16";"2";"assets/qrcode/stockopname/OP_ZZGELA01_3108.png";NULL;"2026-07-04 02:34:48";NULL
"334";"3211";"ZZSARU20";"Sarung Gajah Duduk";"1000-01-01";"-";"864";"864";"0";"Nila";"2026-07-04 09:34:59";"16";"1";"assets/qrcode/stockopname/OP_ZZSARU20_3211.png";NULL;"2026-07-04 02:34:59";NULL
"336";"3156";"ZZKAOS195";"Kaos Java Karlos";"1000-01-01";"-";"639";"639";"0";"Nila";"2026-07-04 09:35:20";"16";"1";"assets/qrcode/stockopname/OP_QKAOS09_3156.png";NULL;"2026-07-04 02:35:20";NULL
"337";"3250";"ZZKULK16";"Kulkas Polytron 2 pintu";"1000-01-01";"-";"2";"2";"0";"Anam";"2026-07-04 09:35:23";"16";"2";"assets/qrcode/stockopname/OP_ZZKULK13_3250.png";NULL;"2026-07-04 02:35:23";NULL
"338";"3151";"ZZKAOS098";"Kaos Golden Glulier";"1000-01-01";"-";"447";"447";"0";"Nila";"2026-07-04 09:35:32";"16";"1";"assets/qrcode/stockopname/OP_ZZKAOS098_3151.png";NULL;"2026-07-04 02:35:32";NULL
"339";"389";"ABENT04";"Bentpipe No. 45";"1000-01-01";"-";"8";"8";"0";"Ahmad";"2026-07-04 09:35:33";"17";"2";"assets/qrcode/stockopname/OP_ABAUT02_389.png";NULL;"2026-07-04 02:35:33";NULL
"340";"3079";"ZZMEJA01";"Meja Display (Cling)";"1000-01-01";"-";"4";"4";"0";"Anam";"2026-07-04 09:35:36";"16";"2";"assets/qrcode/stockopname/OP_ZZMEJA01_3079.png";NULL;"2026-07-04 02:35:36";NULL
"341";"432";"ABION10";"Bionta BSA 100 ml (S)";"1000-01-01";"-";"99";"99";"0";"Sukma";"2026-07-04 09:35:42";"17";"1";"assets/qrcode/stockopname/OP_ABEST01_432.png";NULL;"2026-07-04 02:35:42";NULL
"342";"3118";"QJAMD02";"Jam Dinding Mirado MQ 8867 SL";"1000-01-01";"-";"36";"36";"0";"Nila";"2026-07-04 09:35:47";"16";"1";"assets/qrcode/stockopname/OP_QJAMD02_3118.png";NULL;"2026-07-04 02:35:47";NULL
"343";"2388";"ASEAL01";"Sealing Gasket Yamaha";"1000-01-01";"-";"20";"20";"0";"Ahmad";"2026-07-04 09:35:50";"17";"2";"assets/qrcode/stockopname/OP_QRIZO02_2388.png";NULL;"2026-07-04 02:35:50";NULL
"344";"3224";"ZZSEPA05";"Sepatu Boots MDN ukuran 40";"1000-01-01";"-";"15";"15";"0";"Anam";"2026-07-04 09:35:51";"16";"2";"assets/qrcode/stockopname/OP_ZZSEPA05_3224.png";NULL;"2026-07-04 02:35:51";NULL
"345";"3236";"QTOPI02";"Topi Rimba MIA";"1000-01-01";"-";"6";"6";"0";"Nila";"2026-07-04 09:35:58";"16";"1";"assets/qrcode/stockopname/OP_QTOPI02_3236.png";NULL;"2026-07-04 02:35:58";NULL
"346";"3221";"ZZSEPA01";"Sepatu Boots Yu Bang ukuran 43";"1000-01-01";"-";"25";"25";"0";"Anam";"2026-07-04 09:36:02";"16";"2";"assets/qrcode/stockopname/OP_ZZSEPA01_3221.png";NULL;"2026-07-04 02:36:02";NULL
"347";"3187";"ZZKAO100";"Kaos Saprodap";"1000-01-01";"-";"176";"176";"0";"Nila";"2026-07-04 09:36:08";"16";"1";"assets/qrcode/stockopname/OP_ZZKAO100_3187.png";NULL;"2026-07-04 02:36:08";NULL
"348";"2703";"ATUTU03";"Tutup Tangki Babel Star Metal";"1000-01-01";"-";"9";"9";"0";"Ahmad";"2026-07-04 09:36:10";"17";"2";"assets/qrcode/stockopname/OP_QTANG55_2703.png";NULL;"2026-07-04 02:36:10";NULL
"349";"3223";"ZZSEPA04";"Sepatu Boots MDN ukuran 39";"1000-01-01";"-";"14";"14";"0";"Anam";"2026-07-04 09:36:14";"16";"2";"assets/qrcode/stockopname/OP_ZZSEPA04_3223.png";NULL;"2026-07-04 02:36:14";NULL
"350";"3130";"ZZKAOS101";"Kaos Bamex";"1000-01-01";"-";"2000";"2000";"0";"Nila";"2026-07-04 09:36:19";"16";"1";"assets/qrcode/stockopname/OP_QKAOS15_3130.png";NULL;"2026-07-04 02:36:19";NULL
"351";"3220";"ZZSEPA02";"Sepatu Boots Yu Bang ukuran 42";"1000-01-01";"-";"20";"20";"0";"Anam";"2026-07-04 09:36:22";"16";"2";"assets/qrcode/stockopname/OP_ZZSEPA02_3220.png";NULL;"2026-07-04 02:36:22";NULL
"352";"2358";"ASARI02";"Saringan Tangki Star Metal";"1000-01-01";"-";"3";"3";"0";"Ahmad";"2026-07-04 09:36:24";"17";"2";"assets/qrcode/stockopname/OP_QREGE03_2358.png";NULL;"2026-07-04 02:36:24";NULL
"354";"3222";"ZZSEPA03";"Sepatu Boots Yu Bang ukuran 41";"1000-01-01";"-";"22";"22";"0";"Anam";"2026-07-04 09:36:32";"16";"2";"assets/qrcode/stockopname/OP_ZZSEPA03_3222.png";NULL;"2026-07-04 02:36:32";NULL
"355";"2935";"QJAGU91";"Jagung Bisi 959 20 X 1 kg + Kaos";"2027-03-09";"-";"4080";"0";"204";"Lia";"2026-07-04 09:36:35";"15";"2";"assets/qrcode/stockopname/OP_QYOUS01_2935.png";NULL;"2026-07-04 02:36:35";NULL
"356";"367";"ABAUT03";"Baut Kupu-Kupu";"1000-01-01";"-";"6";"6";"0";"Ahmad";"2026-07-04 09:36:37";"17";"2";"assets/qrcode/stockopname/OP_QBASG01_367.png";NULL;"2026-07-04 02:36:37";NULL
"357";"494";"ABORO02";"Borohumic 500 ml";"1000-01-01";"-";"4";"4";"0";"Sukma";"2026-07-04 09:36:40";"17";"1";"assets/qrcode/stockopname/OP_QBMJ01_494.png";NULL;"2026-07-04 02:36:40";NULL
"358";"3107";"ZZEMBER02";"Ember (Bonus Benabel/Colam/Liding)";"1000-01-01";"-";"2371";"2371";"0";"Anam";"2026-07-04 09:36:52";"16";"2";"assets/qrcode/stockopname/OP_ZZEMBER02_3107.png";NULL;"2026-07-04 02:36:52";NULL
"359";"115";"QALAT06";"Alat Kocor Pupuk Padat Quda Karisma 25 ltr";"1000-01-01";"-";"360";"0";"360";"Deva";"2026-07-04 09:36:54";"15";"1";"assets/qrcode/stockopname/OP_QAKAL03_115.png";NULL;"2026-07-04 02:36:54";NULL
"360";"1457";"AMAGS01";"Magshumat 500 ml";"1000-01-01";"-";"4";"4";"0";"Sukma";"2026-07-04 09:36:57";"17";"1";"assets/qrcode/stockopname/OP_QLANN08_1457.png";NULL;"2026-07-04 02:36:57";NULL
"362";"3191";"ZZKAOS245";"Kaos Sidamec";"1000-01-01";"-";"4686";"4686";"0";"Anam";"2026-07-04 09:37:11";"16";"2";"assets/qrcode/stockopname/OP_ZZKAOS245_3191.png";NULL;"2026-07-04 02:37:11";NULL
"363";"1603";"AMICR02";"Microhumic 500 ml";"1000-01-01";"-";"4";"4";"0";"Sukma";"2026-07-04 09:37:16";"17";"1";"assets/qrcode/stockopname/OP_AMETA06_1603.png";NULL;"2026-07-04 02:37:16";NULL
"364";"3142";"ZZKAOS90";"Kaos Dekalb";"1000-01-01";"-";"62";"62";"0";"Nila";"2026-07-04 09:37:18";"16";"1";"assets/qrcode/stockopname/OP_ZZKAOS90_3142.png";NULL;"2026-07-04 02:37:18";NULL
"365";"366";"ABAUT02";"Baut Bintang 17 Lt";"1000-01-01";"-";"18";"18";"0";"Ahmad";"2026-07-04 09:37:20";"17";"2";"assets/qrcode/stockopname/OP_QBASF01_366.png";NULL;"2026-07-04 02:37:20";NULL
"366";"570";"ACALS01";"Calshumat 500 ml";"1000-01-01";"-";"4";"4";"0";"Sukma";"2026-07-04 09:37:28";"17";"1";"assets/qrcode/stockopname/OP_QCABR02_570.png";NULL;"2026-07-04 02:37:28";NULL
"367";"538";"QBUSI01";"Busi Star Metal";"1000-01-01";"-";"5";"5";"0";"Ahmad";"2026-07-04 09:37:30";"17";"2";"assets/qrcode/stockopname/OP_QBRAU03_538.png";NULL;"2026-07-04 02:37:30";NULL
"368";"3139";"ZZKAOS263";"Kaos Chief";"1000-01-01";"-";"46";"46";"0";"Nila";"2026-07-04 09:37:31";"16";"1";"assets/qrcode/stockopname/OP_ZZKAOS263_3139.png";NULL;"2026-07-04 02:37:31";NULL
"369";"3264";"ZZSARU31";"Sarung Al Hilal";"1000-01-01";"-";"53";"53";"0";"Anam";"2026-07-04 09:37:35";"16";"2";"assets/qrcode/stockopname/OP_ZZSARU31_3264.png";NULL;"2026-07-04 02:37:35";NULL
"370";"3159";"ZZKAOS268";"Kaos Kerah Amolin";"1000-01-01";"-";"152";"152";"0";"Nila";"2026-07-04 09:37:41";"16";"1";"assets/qrcode/stockopname/OP_ZZKAOS268_3159.png";NULL;"2026-07-04 02:37:41";NULL
"371";"3263";"ZZSARU22";"Sarung Arabi Madinah";"1000-01-01";"-";"2";"2";"0";"Anam";"2026-07-04 09:37:46";"16";"2";"assets/qrcode/stockopname/OP_ZZSARU22_3263.png";NULL;"2026-07-04 02:37:46";NULL
"372";"3196";"ZZKAOS244";"Kaos Qiuvita";"1000-01-01";"-";"923";"923";"0";"Nila";"2026-07-04 09:37:52";"16";"1";"assets/qrcode/stockopname/OP_ZZKAOS244_3196.png";NULL;"2026-07-04 02:37:52";NULL
"373";"2437";"ASILI01";"Silikamat 500 ml";"1000-01-01";"-";"4";"4";"0";"Sukma";"2026-07-04 09:37:55";"17";"1";"assets/qrcode/stockopname/OP_QRUMP01_2437.png";NULL;"2026-07-04 02:37:55";NULL
"374";"3216";"QSARU03";"Sarung Tanwin";"1000-01-01";"-";"507";"507";"0";"Anam";"2026-07-04 09:38:03";"16";"2";"assets/qrcode/stockopname/OP_ASARU01_3216.png";NULL;"2026-07-04 02:38:03";NULL
"375";"113";"QALAT07";"Alat Kocor Pupuk Cair Quda Karisma 20 ltr";"1000-01-01";"-";"258";"0";"258";"Deva";"2026-07-04 09:38:03";"15";"1";"assets/qrcode/stockopname/OP_QAKAL01_113.png";NULL;"2026-07-04 02:38:03";NULL
"376";"3165";"QKAOS18";"Kaos Lengan Panjang Evergreen";"1000-01-01";"-";"1365";"1365";"0";"Nila";"2026-07-04 09:38:07";"16";"1";"assets/qrcode/stockopname/OP_QKAOS18_3165.png";NULL;"2026-07-04 02:38:07";NULL
"377";"1828";"QNPKN02";"NPK Novatec 12-12-17 25 kg";"2030-02-01";"-";"505";"0";"505";"Lia";"2026-07-04 09:38:09";"15";"2";"assets/qrcode/stockopname/OP_QNATI02_1828.png";NULL;"2026-07-04 02:38:09";NULL
"378";"2062";"APOWE02";"Power On/Off YEP 18";"1000-01-01";"-";"15";"15";"0";"Ahmad";"2026-07-04 09:38:11";"17";"2";"assets/qrcode/stockopname/OP_QPINA15_2062.png";NULL;"2026-07-04 02:38:11";NULL
"379";"3256";"ZZBANN11";"Banner Karimazu Ukuran 200 X 80";"1000-01-01";"-";"50";"50";"0";"Nila";"2026-07-04 09:38:18";"16";"1";"assets/qrcode/stockopname/OP_ZZBANN11_3256.png";NULL;"2026-07-04 02:38:18";NULL
"380";"259";"AARMA01";"Arma 52 WP 20 X 500 gr (Sample)";"2025-07-01";"-";"7";"7";"0";"Sukma";"2026-07-04 09:38:20";"17";"1";"assets/qrcode/stockopname/OP_QANET08_259.png";NULL;"2026-07-04 02:38:20";NULL
"381";"843";"AFAN01";"Fan Nozzle";"1000-01-01";"-";"25";"25";"0";"Ahmad";"2026-07-04 09:38:22";"17";"2";"assets/qrcode/stockopname/OP_QEMAP03_843.png";NULL;"2026-07-04 02:38:22";NULL
"382";"3122";"QKEME01";"Kemeja MIA";"1000-01-01";"-";"91";"91";"0";"Nila";"2026-07-04 09:38:28";"16";"1";"assets/qrcode/stockopname/OP_QKEME01_3122.png";NULL;"2026-07-04 02:38:28";NULL
"383";"3237";"ZZTAS01";"Tas Serut Eksklusif";"1000-01-01";"-";"50";"50";"0";"Nila";"2026-07-04 09:38:39";"16";"1";"assets/qrcode/stockopname/OP_ZZTAS01_3237.png";NULL;"2026-07-04 02:38:39";NULL
"384";"3081";"ZZZENT01";"Zentech Poster Ambest Kutu Kebul";"1000-01-01";"-";"40";"40";"0";"Nila";"2026-07-04 09:38:52";"16";"1";"assets/qrcode/stockopname/OP_ZZZENT01_3081.png";NULL;"2026-07-04 02:38:52";NULL
"385";"3251";"ZZBANN13";"Banner Paket Ulat";"1000-01-01";"-";"5";"5";"0";"Nila";"2026-07-04 09:39:03";"16";"1";"assets/qrcode/stockopname/OP_ZZBANN13_3251.png";NULL;"2026-07-04 02:39:03";NULL
"386";"2775";"AVIST04";"Vista 400 SL 100 ml (Sample)";"1000-01-01";"-";"36";"36";"0";"Sukma";"2026-07-04 09:39:04";"17";"1";"assets/qrcode/stockopname/OP_QTOPS02_2775.png";NULL;"2026-07-04 02:39:04";NULL
"387";"3116";"ZZJAMD01";"Jam Dinding Bactocyn";"1000-01-01";"-";"370";"370";"0";"Nila";"2026-07-04 09:39:14";"16";"1";"assets/qrcode/stockopname/OP_ZZJAMD01_3116.png";NULL;"2026-07-04 02:39:14";NULL
"388";"115";"QALAT06";"Alat Kocor Pupuk Padat Quda Karisma 25 ltr";"1000-01-01";"-";"360";"0";"360";"Lia";"2026-07-04 09:39:22";"15";"2";"assets/qrcode/stockopname/OP_QAKAL03_115.png";NULL;"2026-07-04 02:39:22";NULL
"389";"1828";"QNPKN02";"NPK Novatec 12-12-17 25 kg";"2030-02-01";"-";"505";"0";"505";"Deva";"2026-07-04 09:39:24";"15";"1";"assets/qrcode/stockopname/OP_QNATI02_1828.png";NULL;"2026-07-04 02:39:24";NULL
"390";"3163";"ZZKAOS198";"Kaos Lengan Panjang Pinamec";"1000-01-01";"-";"593";"593";"0";"Anam";"2026-07-04 09:39:25";"16";"2";"assets/qrcode/stockopname/OP_ZZKAOS198_3163.png";NULL;"2026-07-04 02:39:25";NULL
"391";"3092";"ZZBUKU06";"Buku Saku Mia";"1000-01-01";"-";"1267";"1267";"0";"Nila";"2026-07-04 09:39:31";"16";"1";"assets/qrcode/stockopname/OP_ZZBUKU06_3092.png";NULL;"2026-07-04 02:39:31";NULL
"392";"3259";"ZZKAOS285";"Kaos Piribac (Bonus Pinamec)";"1000-01-01";"-";"81";"81";"0";"Anam";"2026-07-04 09:39:38";"16";"2";"assets/qrcode/stockopname/OP_ZZKAOS285_3259.png";NULL;"2026-07-04 02:39:38";NULL
"393";"3109";"ZZGELA03";"Gelas Marshall";"1000-01-01";"-";"789";"789";"0";"Nila";"2026-07-04 09:39:43";"16";"1";"assets/qrcode/stockopname/OP_ZZGELA03_3109.png";NULL;"2026-07-04 02:39:43";NULL
"394";"3199";"QKAOS16";"Kaos Robust";"1000-01-01";"-";"92";"92";"0";"Anam";"2026-07-04 09:39:45";"16";"2";"assets/qrcode/stockopname/OP_QKAOS16_3199.png";NULL;"2026-07-04 02:39:45";NULL
"395";"3262";"ZZKAOS288";"Kaos Lengan Panjang Paket 3 Jurus";"1000-01-01";"-";"1168";"1168";"0";"Anam";"2026-07-04 09:39:54";"16";"2";"assets/qrcode/stockopname/OP_ZZKAOS288_3262.png";NULL;"2026-07-04 02:39:54";NULL
"396";"3083";"ZZBANN03";"Banner Kecil Icemut";"1000-01-01";"-";"27";"27";"0";"Nila";"2026-07-04 09:39:54";"16";"1";"assets/qrcode/stockopname/OP_ZZBANN03_3083.png";NULL;"2026-07-04 02:39:54";NULL
"397";"3188";"ZZKAOS69";"Kaos Syngenta";"1000-01-01";"-";"2851";"2851";"0";"Nila";"2026-07-04 09:40:06";"16";"1";"assets/qrcode/stockopname/OP_ZZKAOS69_3188.png";NULL;"2026-07-04 02:40:06";NULL
"398";"2935";"QJAGU91";"Jagung Bisi 959 20 X 1 kg + Kaos";"2027-03-09";"-";"4080";"0";"204";"Deva";"2026-07-04 09:40:06";"15";"1";"assets/qrcode/stockopname/OP_QYOUS01_2935.png";NULL;"2026-07-04 02:40:06";NULL
"400";"3261";"ZZKAOS286";"Kaos Lenadro";"1000-01-01";"-";"6639";"6639";"0";"Anam";"2026-07-04 09:40:18";"16";"2";"assets/qrcode/stockopname/OP_ZZKAOS286_3261.png";NULL;"2026-07-04 02:40:18";NULL
"401";"3188";"ZZKAOS69";"Kaos Syngenta";"1000-01-01";"-";"2900";"2900";"0";"Nila";"2026-07-04 09:40:20";"16";"1";"assets/qrcode/stockopname/OP_ZZKAOS69_3188.png";NULL;"2026-07-04 02:40:20";NULL
"402";"2051";"APOTT07";"Pot Tray 32 (Sample)";"1000-01-01";"-";"1";"1";"0";"Sukma";"2026-07-04 09:40:23";"17";"1";"assets/qrcode/stockopname/OP_QPILA06_2051.png";NULL;"2026-07-04 02:40:23";NULL
"403";"1939";"QPELA01";"Pelatuk S-04";"1000-01-01";"-";"9";"9";"0";"Ahmad";"2026-07-04 09:40:26";"17";"2";"assets/qrcode/stockopname/OP_QORIO01_1939.png";NULL;"2026-07-04 02:40:26";NULL
"404";"2052";"APOTT06";"Pot Tray 50 (Sample)";"1000-01-01";"-";"1";"1";"0";"Sukma";"2026-07-04 09:40:35";"17";"1";"assets/qrcode/stockopname/OP_QPILA06_2052.png";NULL;"2026-07-04 02:40:35";NULL
"405";"1215";"AJET 01";"Jet Stik Sprayer";"1000-01-01";"-";"8";"8";"0";"Ahmad";"2026-07-04 09:40:35";"17";"2";"assets/qrcode/stockopname/OP_QGWVI01_1215.png";NULL;"2026-07-04 02:40:35";NULL
"406";"3265";"ZZKAOS291";"Kaos Bisi Smk. Classic";"1000-01-01";"-";"1659";"1659";"0";"Anam";"2026-07-04 09:40:36";"16";"2";"assets/qrcode/stockopname/OP_ZZKAOS291_3265.png";NULL;"2026-07-04 02:40:36";NULL
"407";"3241";"ZZUMBU09";"Umbul-umbul Nikodem";"1000-01-01";"-";"129";"129";"0";"Nila";"2026-07-04 09:40:38";"16";"1";"assets/qrcode/stockopname/OP_ZZUMBU09_3241.png";NULL;"2026-07-04 02:40:38";NULL
"408";"2053";"APOTT08";"Pot Tray 72 (Sample)";"1000-01-01";"-";"1";"1";"0";"Sukma";"2026-07-04 09:40:45";"17";"1";"assets/qrcode/stockopname/OP_QPILA09_2053.png";NULL;"2026-07-04 02:40:45";NULL
"409";"1239";"QKARB01";"Karburator Star Metal";"1000-01-01";"-";"5";"5";"0";"Ahmad";"2026-07-04 09:40:45";"17";"2";"assets/qrcode/stockopname/OP_QHEXA05_1239.png";NULL;"2026-07-04 02:40:45";NULL
"410";"3242";"ZZUMBU10";"Umbul-umbul Lenadro";"1000-01-01";"-";"129";"129";"0";"Nila";"2026-07-04 09:40:49";"16";"1";"assets/qrcode/stockopname/OP_ZZUMBU10_3242.png";NULL;"2026-07-04 02:40:49";NULL
"411";"3245";"ZZKAOS293";"Kaos Jagung Cling Super";"1000-01-01";"-";"24";"24";"0";"Anam";"2026-07-04 09:40:51";"16";"2";"assets/qrcode/stockopname/OP_ZZKAOS293_3245.png";NULL;"2026-07-04 02:40:51";NULL
"412";"2054";"APOTT12";"Pot Tray 98 (Sample)";"1000-01-01";"-";"1";"1";"0";"Sukma";"2026-07-04 09:40:54";"17";"1";"assets/qrcode/stockopname/OP_QPILA08_2054.png";NULL;"2026-07-04 02:40:54";NULL
"413";"3260";"ZZKAOS287";"Kaos Nikodem";"1000-01-01";"-";"13479";"13479";"0";"Anam";"2026-07-04 09:41:04";"16";"2";"assets/qrcode/stockopname/OP_ZZKAOS287_3260.png";NULL;"2026-07-04 02:41:04";NULL
"414";"3102";"ZZDEMO05";"Demoflag Vishaka";"1000-01-01";"-";"340";"340";"0";"Nila";"2026-07-04 09:41:04";"16";"1";"assets/qrcode/stockopname/OP_ZZDEMO05_3102.png";NULL;"2026-07-04 02:41:04";NULL
"415";"2048";"APOTT09";"Pot Tray 105 (Sample)";"1000-01-01";"-";"1";"1";"0";"Sukma";"2026-07-04 09:41:06";"17";"1";"assets/qrcode/stockopname/OP_APHEN01_2048.png";NULL;"2026-07-04 02:41:06";NULL
"416";"113";"QALAT07";"Alat Kocor Pupuk Cair Quda Karisma 20 ltr";"1000-01-01";"-";"258";"0";"258";"Lia";"2026-07-04 09:41:09";"15";"2";"assets/qrcode/stockopname/OP_QAKAL01_113.png";NULL;"2026-07-04 02:41:09";NULL
"417";"2049";"APOTT10";"Pot Tray 128 (Sample)";"1000-01-01";"-";"1";"1";"0";"Sukma";"2026-07-04 09:41:14";"17";"1";"assets/qrcode/stockopname/OP_QPILA10_2049.png";NULL;"2026-07-04 02:41:14";NULL
"418";"3101";"ZZDEMO06";"Demoflag Gardara";"1000-01-01";"-";"375";"375";"0";"Nila";"2026-07-04 09:41:16";"16";"1";"assets/qrcode/stockopname/OP_ZZDEMO06_3101.png";NULL;"2026-07-04 02:41:16";NULL
"419";"2050";"APOTT11";"Pot Tray 200 (Sample)";"1000-01-01";"-";"1";"1";"0";"Sukma";"2026-07-04 09:41:24";"17";"1";"assets/qrcode/stockopname/OP_QPILA07_2050.png";NULL;"2026-07-04 02:41:24";NULL
"420";"3097";"ZZDEMO01";"Demoflag Armeira";"1000-01-01";"-";"470";"470";"0";"Nila";"2026-07-04 09:41:33";"16";"1";"assets/qrcode/stockopname/OP_ZZDEMO01_3097.png";NULL;"2026-07-04 02:41:33";NULL
"421";"3098";"ZZDEMO07";"Demoflag Castora";"1000-01-01";"-";"625";"625";"0";"Nila";"2026-07-04 09:41:47";"16";"1";"assets/qrcode/stockopname/OP_ZZDEMO07_3098.png";NULL;"2026-07-04 02:41:47";NULL
"422";"3172";"QKAOS13";"Kaos MIA Trio Dahsyat";"1000-01-01";"-";"2333";"2333";"0";"Anam";"2026-07-04 09:41:47";"16";"2";"assets/qrcode/stockopname/OP_QKAOS13_3172.png";NULL;"2026-07-04 02:41:47";NULL
"423";"2718";"AUNIH01";"Unihit 100/20 SC 100 X 100 ml (Sample)";"2026-06-01";"-";"80";"80";"0";"Sukma";"2026-07-04 09:41:48";"17";"1";"assets/qrcode/stockopname/OP_QTERM01_2718.png";NULL;"2026-07-04 02:41:48";NULL
"424";"1313";"AKONE01";"Konektor Nosel Tutup";"1000-01-01";"-";"40";"40";"0";"Ahmad";"2026-07-04 09:41:53";"17";"2";"assets/qrcode/stockopname/OP_QKARI01_1313.png";NULL;"2026-07-04 02:41:53";NULL
"425";"3103";"QDEMO08";"Demoflag Piraklo";"1000-01-01";"-";"3740";"3740";"0";"Nila";"2026-07-04 09:42:00";"16";"1";"assets/qrcode/stockopname/OP_QDEMO08_3103.png";NULL;"2026-07-04 02:42:00";NULL
"426";"3123";"ZZKAOS283";"Kaos Agxanazol";"1000-01-01";"-";"1534";"1534";"0";"Anam";"2026-07-04 09:42:11";"16";"2";"assets/qrcode/stockopname/OP_ZZKAOS283_3123.png";NULL;"2026-07-04 02:42:11";NULL
"427";"1511";"AMEGA09";"Megaloman 30 EC 20 X 400 ml (Sample)";"2028-09-01";"-";"1";"1";"0";"Sukma";"2026-07-04 09:42:12";"17";"1";"assets/qrcode/stockopname/OP_QMAES02_1511.png";NULL;"2026-07-04 02:42:12";NULL
"428";"3095";"ZZDETE02";"Detergen Sayang 36 X 220 gr";"1000-01-01";"-";"709";"709";"0";"Anam";"2026-07-04 09:42:28";"16";"2";"assets/qrcode/stockopname/OP_ZZDETE02_3095.png";NULL;"2026-07-04 02:42:28";NULL
"429";"3100";"QDEMO07";"Demoflag Elazaro";"1000-01-01";"-";"4330";"4330";"0";"Nila";"2026-07-04 09:42:29";"16";"1";"assets/qrcode/stockopname/OP_QDEMO07_3100.png";NULL;"2026-07-04 02:42:29";NULL
"430";"3209";"ZZSARU25";"Sarung Jenggolo";"1000-01-01";"-";"254";"254";"0";"Anam";"2026-07-04 09:42:40";"16";"2";"assets/qrcode/stockopname/OP_ZZSARU25_3209.png";NULL;"2026-07-04 02:42:40";NULL
"431";"256";"AARIZ01";"Arizona 55 EC 80 ml (Sample)";"1000-01-01";"-";"13";"13";"0";"Sukma";"2026-07-04 09:42:50";"17";"1";"assets/qrcode/stockopname/OP_QANET04_256.png";NULL;"2026-07-04 02:42:50";NULL
"432";"3082";"ZZBROS09";"Brosur Bisi 959";"1000-01-01";"-";"5500";"5500";"0";"Anam";"2026-07-04 09:42:50";"16";"2";"assets/qrcode/stockopname/OP_ZZBROS09_3082.png";NULL;"2026-07-04 02:42:50";NULL
"433";"3099";"QDEMO06";"Demoflag Desanto";"1000-01-01";"-";"4190";"4190";"0";"Nila";"2026-07-04 09:42:52";"16";"1";"assets/qrcode/stockopname/OP_QDEMO06_3099.png";NULL;"2026-07-04 02:42:52";NULL
"434";"3089";"ZZBROS11";"Brosur Nikodem/Lenadro";"1000-01-01";"-";"43450";"43450";"0";"Anam";"2026-07-04 09:43:03";"16";"2";"assets/qrcode/stockopname/OP_ZZBROS11_3089.png";NULL;"2026-07-04 02:43:03";NULL
"435";"903";"AFORC01";"Force 20/100 SC 100 X 100 ml (Sample)";"2030-06-01";"-";"10";"10";"0";"Sukma";"2026-07-04 09:43:07";"17";"1";"assets/qrcode/stockopname/OP_QFENV03_903.png";NULL;"2026-07-04 02:43:07";NULL
"436";"3119";"QJAMD03";"Jam Dinding Mirado MQ 8877 SL";"1000-01-01";"-";"70";"70";"0";"Nila";"2026-07-04 09:43:09";"16";"1";"assets/qrcode/stockopname/OP_QJAMD03_3119.png";NULL;"2026-07-04 02:43:09";NULL
"437";"3104";"ZZDEMO09";"Demoflag Lenadro";"1000-01-01";"-";"4275";"4275";"0";"Anam";"2026-07-04 09:43:15";"16";"2";"assets/qrcode/stockopname/OP_ZZDEMO09_3104.png";NULL;"2026-07-04 02:43:15";NULL
"438";"1186";"AILUT01";"I-Lu Tol 100ml (Sample)";"1000-01-01";"-";"4";"4";"0";"Sukma";"2026-07-04 09:43:23";"17";"1";"assets/qrcode/stockopname/OP_QGRAN06_1186.png";NULL;"2026-07-04 02:43:23";NULL
"439";"3105";"ZZDEMO08";"Demoflag Nikodem";"1000-01-01";"-";"4185";"4185";"0";"Anam";"2026-07-04 09:43:24";"16";"2";"assets/qrcode/stockopname/OP_ZZDEMO08_3105.png";NULL;"2026-07-04 02:43:24";NULL
"440";"3117";"QJAMD01";"Jam Dinding Mirado MQ 8505 SL";"1000-01-01";"-";"201";"201";"0";"Nila";"2026-07-04 09:43:25";"16";"1";"assets/qrcode/stockopname/OP_QJAMD01_3117.png";NULL;"2026-07-04 02:43:25";NULL
"441";"755";"ADOUB01";"Double Nozzle Yamaha";"1000-01-01";"-";"60";"60";"0";"Ahmad";"2026-07-04 09:43:28";"17";"2";"assets/qrcode/stockopname/OP_QDESA01_755.png";NULL;"2026-07-04 02:43:28";NULL
"442";"3347";"ZZTOPI19";"Topi Rimba Sidamec";"1000-01-01";"-";"1100";"1100";"0";"Anam";"2026-07-04 09:43:37";"16";"2";"assets/qrcode/stockopname/OP_ZZTOPI19_3347.png";NULL;"2026-07-04 02:43:37";NULL
"443";"3257";"ZZBANN12";"Banner Associate Ukuran 200 X 80";"1000-01-01";"-";"26";"26";"0";"Nila";"2026-07-04 09:43:38";"16";"1";"assets/qrcode/stockopname/OP_ZZBANN12_3257.png";NULL;"2026-07-04 02:43:38";NULL
"444";"3166";"ZZKAOS088";"Kaos Lengan Panjang Paket Ulat";"1000-01-01";"-";"7541";"7541";"0";"Anam";"2026-07-04 09:43:51";"16";"2";"assets/qrcode/stockopname/OP_ZZKAOS088_3166.png";NULL;"2026-07-04 02:43:51";NULL
"445";"3213";"ZZSARU19";"Sarung Samarinda";"1000-01-01";"-";"101";"101";"0";"Nila";"2026-07-04 09:43:54";"16";"1";"assets/qrcode/stockopname/OP_ZZSARU19_3213.png";NULL;"2026-07-04 02:43:54";NULL
"446";"2699";"ATUTU04";"Tutup Sprayer GA";"1000-01-01";"-";"9";"9";"0";"Ahmad";"2026-07-04 09:43:58";"17";"2";"assets/qrcode/stockopname/OP_ATANG65_2699.png";NULL;"2026-07-04 02:43:58";NULL
"447";"2744";"AVENT01";"Ventory 865 SL 400 gr";"2010-10-01";"-";"1";"1";"0";"Sukma";"2026-07-04 09:43:59";"17";"1";"assets/qrcode/stockopname/OP_QTIEZ02_2744.png";NULL;"2026-07-04 02:43:59";NULL
"448";"3162";"ZZKAOS218";"Kaos Lengan Panjang Bisi 959";"1000-01-01";"-";"1771";"1771";"0";"Anam";"2026-07-04 09:44:02";"16";"2";"assets/qrcode/stockopname/OP_ZZKAOS218_3162.png";NULL;"2026-07-04 02:44:02";NULL
"449";"2485";"ASPON03";"Spontan 400 SL 12 X 1 ltr";"2029-08-01";"-";"3324";"0";"277";"Deva";"2026-07-04 09:44:05";"15";"1";"assets/qrcode/stockopname/OP_QSCOR03_2485.png";NULL;"2026-07-04 02:44:05";NULL
"450";"3120";"ZZJAMD06";"Jam Dinding Syngenta";"1000-01-01";"-";"1";"1";"0";"Nila";"2026-07-04 09:44:05";"16";"1";"assets/qrcode/stockopname/OP_ZZJAMD06_3120.png";NULL;"2026-07-04 02:44:05";NULL
"451";"2485";"ASPON03";"Spontan 400 SL 12 X 1 ltr";"2029-08-01";"-";"10536";"0";"878";"Lia";"2026-07-04 09:44:10";"15";"2";"assets/qrcode/stockopname/OP_QSCOR03_2485.png";NULL;"2026-07-04 02:44:10";NULL
"452";"3126";"ZZKAOS258";"Kaos Asetor";"1000-01-01";"-";"148";"148";"0";"Anam";"2026-07-04 09:44:19";"16";"2";"assets/qrcode/stockopname/OP_ZZKAOS258_3126.png";NULL;"2026-07-04 02:44:19";NULL
"453";"2783";"AVOLT01";"Volt Meter YEP18";"1000-01-01";"-";"5";"5";"0";"Ahmad";"2026-07-04 09:44:19";"17";"2";"assets/qrcode/stockopname/OP_QTRIP06_2783.png";NULL;"2026-07-04 02:44:19";NULL
"454";"3208";"ZZSARU15";"Sarung Atlas";"1000-01-01";"-";"1700";"1700";"0";"Nila";"2026-07-04 09:44:20";"16";"1";"assets/qrcode/stockopname/OP_QSARU02_3208.png";NULL;"2026-07-04 02:44:20";NULL
"455";"1187";"AISAD01";"I-Sad 250 ml (Sample)";"1000-01-01";"-";"3";"3";"0";"Sukma";"2026-07-04 09:44:25";"17";"1";"assets/qrcode/stockopname/OP_QGRAN06_1187.png";NULL;"2026-07-04 02:44:25";NULL
"456";"3125";"ZZKAOS253";"Kaos Amiboost";"1000-01-01";"-";"1984";"1984";"0";"Anam";"2026-07-04 09:44:29";"16";"2";"assets/qrcode/stockopname/OP_ZZKAOS253_3125.png";NULL;"2026-07-04 02:44:29";NULL
"457";"3192";"ZZKAOS60";"Kaos Seminis";"1000-01-01";"-";"10";"10";"0";"Anam";"2026-07-04 09:44:42";"16";"2";"assets/qrcode/stockopname/OP_ZZKAOS138_3192.png";NULL;"2026-07-04 02:44:42";NULL
"458";"1963";"APHEN01";"Phenol (Sample)";"1000-01-01";"-";"3";"3";"0";"Sukma";"2026-07-04 09:44:49";"17";"1";"assets/qrcode/stockopname/OP_QPAKE01_1963.png";NULL;"2026-07-04 02:44:49";NULL
"459";"3136";"ZZKAOS265";"Kaos Bisi 18";"1000-01-01";"-";"4395";"4395";"0";"Nila";"2026-07-04 09:44:50";"16";"1";"assets/qrcode/stockopname/OP_ZZKAOS265_3136.png";NULL;"2026-07-04 02:44:50";NULL
"460";"3197";"ZZKAOS256";"Kaos Qiu Asri";"1000-01-01";"-";"1997";"1997";"0";"Anam";"2026-07-04 09:44:54";"16";"2";"assets/qrcode/stockopname/OP_ZZKAOS256_3197.png";NULL;"2026-07-04 02:44:54";NULL
"461";"3178";"ZZKAOS242";"Kaos Mulsa Ori Gajah";"1000-01-01";"-";"69";"69";"0";"Nila";"2026-07-04 09:45:00";"16";"1";"assets/qrcode/stockopname/OP_ZZKAOS242_3178.png";NULL;"2026-07-04 02:45:00";NULL
"462";"2482";"ASPIN01";"Spindle Screw Cap Pc";"1000-01-01";"-";"115";"115";"0";"Ahmad";"2026-07-04 09:45:02";"17";"2";"assets/qrcode/stockopname/OP_QSCOR03_2482.png";NULL;"2026-07-04 02:45:02";NULL
"463";"3197";"ZZKAOS256";"Kaos Qiu Asri";"1000-01-01";"-";"4375";"4375";"0";"Anam";"2026-07-04 09:45:04";"16";"2";"assets/qrcode/stockopname/OP_ZZKAOS256_3197.png";NULL;"2026-07-04 02:45:04";NULL
"464";"1185";"AIABA01";"I-Aba SP 250 ml (Sample)";"1000-01-01";"-";"3";"3";"0";"Sukma";"2026-07-04 09:45:11";"17";"1";"assets/qrcode/stockopname/OP_QGRAN02_1185.png";NULL;"2026-07-04 02:45:11";NULL
"465";"3193";"ZZKAOS099";"Kaos Super-Soil";"1000-01-01";"-";"148";"148";"0";"Nila";"2026-07-04 09:45:13";"16";"1";"assets/qrcode/stockopname/OP_ZZKAOS099_3193.png";NULL;"2026-07-04 02:45:13";NULL
"466";"365";"ABAUT01";"Baut Bersayap/Kipas";"1000-01-01";"-";"100";"100";"0";"Ahmad";"2026-07-04 09:45:22";"17";"2";"assets/qrcode/stockopname/OP_QBASF03_365.png";NULL;"2026-07-04 02:45:22";NULL
"467";"2129";"QPUPU22";"Pupuk MagneWish Granule 10 kg";"2027-01-01";"-";"155";"0";"155";"Lia";"2026-07-04 09:45:24";"15";"2";"assets/qrcode/stockopname/OP_APOLY39_2129.png";NULL;"2026-07-04 02:45:24";NULL
"468";"3198";"ZZKAOS259";"Kaos Qiu Asri Hijau";"1000-01-01";"-";"6700";"6700";"0";"Nila";"2026-07-04 09:45:27";"16";"1";"assets/qrcode/stockopname/OP_ZZKAOS259_3198.png";NULL;"2026-07-04 02:45:27";NULL
"469";"2133";"QPUPU19";"Pupuk MagneWish Granule 50 kg";"2027-02-01";"-";"39";"0";"39";"Deva";"2026-07-04 09:45:42";"15";"1";"assets/qrcode/stockopname/OP_QPOP02_2133.png";NULL;"2026-07-04 02:45:42";NULL
"470";"3267";"ZZBANN16";"Banner Paket Ulat 200 cm X 100 cm";"1000-01-01";"-";"25";"25";"0";"Nila";"2026-07-04 09:45:43";"16";"1";"assets/qrcode/stockopname/OP_ZZBANN16_3267.png";NULL;"2026-07-04 02:45:43";NULL
"471";"2573";"QTALI07";"Tali Bahu EDD";"1000-01-01";"-";"10";"10";"0";"Ahmad";"2026-07-04 09:45:49";"17";"2";"assets/qrcode/stockopname/OP_QSOFI03_2573.png";NULL;"2026-07-04 02:45:49";NULL
"472";"179";"AAMIC01";"Amichlor 400 EC 100 ml";"1000-01-01";"-";"11";"11";"0";"Sukma";"2026-07-04 09:45:50";"17";"1";"assets/qrcode/stockopname/OP_QAMBE01_179.png";NULL;"2026-07-04 02:45:50";NULL
"473";"2575";"QTALI08";"Tali Gendong";"1000-01-01";"-";"10";"10";"0";"Ahmad";"2026-07-04 09:45:59";"17";"2";"assets/qrcode/stockopname/OP_QSOFI03_2575.png";NULL;"2026-07-04 02:45:59";NULL
"474";"3266";"ZZBANN15";"Banner Paket Ulat 60 cm X 90 cm";"1000-01-01";"-";"20";"20";"0";"Nila";"2026-07-04 09:46:00";"16";"1";"assets/qrcode/stockopname/OP_ZZBANN15_3266.png";NULL;"2026-07-04 02:46:00";NULL
"475";"3177";"ZZKAOS95";"Kaos Mulsa Universal";"1000-01-01";"-";"72";"72";"0";"Nila";"2026-07-04 09:46:11";"16";"1";"assets/qrcode/stockopname/OP_ZZKAOS95_3177.png";NULL;"2026-07-04 02:46:11";NULL
"476";"3146";"ZZKAOS18";"Kaos Excel";"1000-01-01";"-";"4019";"4019";"0";"Anam";"2026-07-04 09:46:17";"16";"2";"assets/qrcode/stockopname/OP_ZZKAOS18_3146.png";NULL;"2026-07-04 02:46:17";NULL
"477";"3148";"QKAOS17";"Kaos Futay";"1000-01-01";"-";"1800";"1800";"0";"Nila";"2026-07-04 09:46:22";"16";"1";"assets/qrcode/stockopname/OP_QKAOS17_3148.png";NULL;"2026-07-04 02:46:22";NULL
"479";"3275";"ZZKAOS294";"Kaos Shenzi Plus";"1000-01-01";"-";"1200";"1200";"0";"Anam";"2026-07-04 09:46:28";"16";"2";"assets/qrcode/stockopname/OP_ZZKAOS294_3275.png";NULL;"2026-07-04 02:46:28";NULL
"480";"3137";"ZZKAOS220";"Kaos Bisi 321";"1000-01-01";"-";"84";"84";"0";"Nila";"2026-07-04 09:46:35";"16";"1";"assets/qrcode/stockopname/OP_ZZKAOS220_3137.png";NULL;"2026-07-04 02:46:35";NULL
"481";"3124";"ZZKAOS267";"Kaos Aminosong Mango";"1000-01-01";"-";"170";"170";"0";"Anam";"2026-07-04 09:46:40";"16";"2";"assets/qrcode/stockopname/OP_ZZKAOS267_3124.png";NULL;"2026-07-04 02:46:40";NULL
"482";"3181";"ZZKAOS264";"Kaos Oblong Panjang Goal";"1000-01-01";"-";"192";"192";"0";"Anam";"2026-07-04 09:46:47";"16";"2";"assets/qrcode/stockopname/OP_ZZKAOS264_3181.png";NULL;"2026-07-04 02:46:47";NULL
"483";"3147";"ZZKAOS279";"Kaos Fenprozole";"1000-01-01";"-";"1351";"1351";"0";"Nila";"2026-07-04 09:46:48";"16";"1";"assets/qrcode/stockopname/OP_ZZKAOS279_3147.png";NULL;"2026-07-04 02:46:48";NULL
"484";"3145";"ZZKAOS17";"Kaos EM-4";"1000-01-01";"-";"310";"310";"0";"Anam";"2026-07-04 09:46:56";"16";"2";"assets/qrcode/stockopname/OP_ZZKAOS17_3145.png";NULL;"2026-07-04 02:46:56";NULL
"485";"2157";"AQIUA04";"Qiuasri Padi 250 ml (Sample)";"2026-11-01";"-";"5";"5";"0";"Sukma";"2026-07-04 09:47:00";"17";"1";"assets/qrcode/stockopname/OP_QPREV02_2157.png";NULL;"2026-07-04 02:47:00";NULL
"486";"3258";"ASPRA41";"Sprayer Ultra Elektrik New 16 Ltr Type 3";"1000-01-01";"-";"15";"15";"0";"Nila";"2026-07-04 09:47:04";"16";"1";"assets/qrcode/stockopname/OP_ASPRA41_3258.png";NULL;"2026-07-04 02:47:04";NULL
"487";"2152";"AQIUA03";"Qiuasri Cabai 250 ml (Sample)";"2026-11-01";"-";"5";"5";"0";"Sukma";"2026-07-04 09:47:08";"17";"1";"assets/qrcode/stockopname/OP_QPREV01_2152.png";NULL;"2026-07-04 02:47:08";NULL
"488";"3190";"ZZKAOS251";"Kaos Sinasen 300 SC";"1000-01-01";"-";"1140";"1140";"0";"Anam";"2026-07-04 09:47:08";"16";"2";"assets/qrcode/stockopname/OP_ZZKAOS251_3190.png";NULL;"2026-07-04 02:47:08";NULL
"489";"3371";"QPUPU23";"Pupuk MagneWish Granule 25 kg";"2027-04-01";"-";"60";"0";"60";"Deva";"2026-07-04 09:47:19";"15";"1";"assets/qrcode/stockopname/OP_QPUPU23_3371.png";NULL;"2026-07-04 02:47:19";NULL
"490";"2150";"AQIUA05";"Qiuasri Bawang Merah 250 ml (Sample)";"2026-11-01";"-";"5";"5";"0";"Sukma";"2026-07-04 09:47:19";"17";"1";"assets/qrcode/stockopname/OP_APOWE02_2150.png";NULL;"2026-07-04 02:47:19";NULL
"491";"3173";"ZZKAOS155";"Kaos MKD Neocron";"1000-01-01";"-";"4000";"4000";"0";"Anam";"2026-07-04 09:47:27";"16";"2";"assets/qrcode/stockopname/OP_ZZKAOS155_3173.png";NULL;"2026-07-04 02:47:27";NULL
"492";"1784";"ANEWN01";"New Naptalin (Sample)";"1000-01-01";"-";"1";"1";"0";"Sukma";"2026-07-04 09:47:28";"17";"1";"assets/qrcode/stockopname/OP_QMUL07_1784.png";NULL;"2026-07-04 02:47:28";NULL
"493";"3173";"ZZKAOS155";"Kaos MKD Neocron";"1000-01-01";"-";"4000";"4000";"0";"Nila";"2026-07-04 09:47:30";"16";"1";"assets/qrcode/stockopname/OP_ZZKAOS155_3173.png";NULL;"2026-07-04 02:47:30";NULL
"494";"1883";"APAKE04";"Paket Convey 336 SC 10 X 40 ml";"2027-11-01";"-";"5440";"0";"544";"Lia";"2026-07-04 09:47:30";"15";"2";"assets/qrcode/stockopname/OP_QNOVL01_1883.png";NULL;"2026-07-04 02:47:30";NULL
"495";"3173";"ZZKAOS155";"Kaos MKD Neocron";"1000-01-01";"-";"4048";"4048";"0";"Nila";"2026-07-04 09:47:42";"16";"1";"assets/qrcode/stockopname/OP_ZZKAOS155_3173.png";NULL;"2026-07-04 02:47:42";NULL
"496";"3174";"ZZKAOS269";"Kaos MKD Unibro";"1000-01-01";"-";"5394";"5394";"0";"Anam";"2026-07-04 09:47:44";"16";"2";"assets/qrcode/stockopname/OP_ZZKAOS269_3174.png";NULL;"2026-07-04 02:47:44";NULL
"497";"1871";"APAGA01";"Pagar Tikus Sawah 45 m x 60 cm";"1000-01-01";"-";"1";"1";"0";"Sukma";"2026-07-04 09:47:48";"17";"1";"assets/qrcode/stockopname/OP_QNOST05_1871.png";NULL;"2026-07-04 02:47:48";NULL
"498";"3243";"ZZTEND01";"Tenda Cling";"1000-01-01";"-";"1";"1";"0";"Nila";"2026-07-04 09:47:54";"16";"1";"assets/qrcode/stockopname/OP_ZZTEND01_3243.png";NULL;"2026-07-04 02:47:54";NULL
"499";"3160";"ZZKAOS090";"Kaos Kerudung Biochems B1 + B6";"1000-01-01";"-";"2000";"2000";"0";"Anam";"2026-07-04 09:48:01";"16";"2";"assets/qrcode/stockopname/OP_ZZKAOS090_3160.png";NULL;"2026-07-04 02:48:01";NULL
"500";"3173";"ZZKAOS155";"Kaos MKD Neocron";"1000-01-01";"-";"4000";"4000";"0";"Nila";"2026-07-04 09:48:13";"16";"1";"assets/qrcode/stockopname/OP_ZZKAOS155_3173.png";NULL;"2026-07-04 02:48:13";NULL
"501";"2137";"QPUPU16";"Pupuk MagneWish Powder 10 kg";"2027-02-01";"-";"138";"0";"138";"Deva";"2026-07-04 09:48:17";"15";"1";"assets/qrcode/stockopname/OP_APOTT11_2137.png";NULL;"2026-07-04 02:48:17";NULL
"502";"3173";"ZZKAOS155";"Kaos MKD Neocron";"1000-01-01";"-";"4048";"4048";"0";"Anam";"2026-07-04 09:48:18";"16";"2";"assets/qrcode/stockopname/OP_ZZKAOS155_3173.png";NULL;"2026-07-04 02:48:18";NULL
"503";"3406";"AEVER12";"Ever Green Asam Humat 40 X 250 ml (Sample)";"2031-06-01";"-";"40";"40";"0";"Sukma";"2026-07-04 09:48:19";"17";"1";"assets/qrcode/stockopname/OP_AEVER12_3406.png";NULL;"2026-07-04 02:48:19";NULL
"504";"3390";"ATALI22";"Tali Gendong Sprayer Elektrik Quda Karisma 5 L";"1000-01-01";"-";"9";"9";"0";"Ahmad";"2026-07-04 09:48:22";"17";"2";"assets/qrcode/stockopname/OP_ATALI22_3390.png";NULL;"2026-07-04 02:48:22";NULL
"505";"3174";"ZZKAOS269";"Kaos MKD Unibro";"1000-01-01";"-";"5394";"5394";"0";"Nila";"2026-07-04 09:48:28";"16";"1";"assets/qrcode/stockopname/OP_ZZKAOS269_3174.png";NULL;"2026-07-04 02:48:28";NULL
"506";"3173";"ZZKAOS155";"Kaos MKD Neocron";"1000-01-01";"-";"4000";"4000";"0";"Anam";"2026-07-04 09:48:29";"16";"2";"assets/qrcode/stockopname/OP_ZZKAOS155_3173.png";NULL;"2026-07-04 02:48:29";NULL
"507";"2576";"ATALI07";"Tali Gendong GA";"1000-01-01";"-";"1";"1";"0";"Ahmad";"2026-07-04 09:48:37";"17";"2";"assets/qrcode/stockopname/OP_QSOFI02_2576.png";NULL;"2026-07-04 02:48:37";NULL
"508";"3160";"ZZKAOS090";"Kaos Kerudung Biochems B1 + B6";"1000-01-01";"-";"2000";"2000";"0";"Nila";"2026-07-04 09:48:40";"16";"1";"assets/qrcode/stockopname/OP_ZZKAOS090_3160.png";NULL;"2026-07-04 02:48:40";NULL
"509";"964";"AFUTA6";"Futay-7 (Sayuran Buah) 50 X 100 ml (Sample)";"2029-02-01";"-";"10";"10";"0";"Sukma";"2026-07-04 09:48:43";"17";"1";"assets/qrcode/stockopname/OP_QFUTA01_964.png";NULL;"2026-07-04 02:48:43";NULL
"510";"3243";"ZZTEND01";"Tenda Cling";"1000-01-01";"-";"1";"1";"0";"Anam";"2026-07-04 09:48:43";"16";"2";"assets/qrcode/stockopname/OP_ZZTEND01_3243.png";NULL;"2026-07-04 02:48:43";NULL
"511";"3190";"ZZKAOS251";"Kaos Sinasen 300 SC";"1000-01-01";"-";"1140";"1140";"0";"Nila";"2026-07-04 09:48:58";"16";"1";"assets/qrcode/stockopname/OP_ZZKAOS251_3190.png";NULL;"2026-07-04 02:48:58";NULL
"512";"2486";"ASPON03";"Spontan 400 SL 12 X 1 ltr";"2029-09-01";"-";"4800";"0";"400";"Deva";"2026-07-04 09:49:03";"15";"1";"assets/qrcode/stockopname/OP_ASEAL01_2486.png";NULL;"2026-07-04 02:49:03";NULL
"513";"3258";"ASPRA41";"Sprayer Ultra Elektrik New 16 Ltr Type 3";"1000-01-01";"-";"15";"15";"0";"Anam";"2026-07-04 09:49:04";"16";"2";"assets/qrcode/stockopname/OP_ASPRA41_3258.png";NULL;"2026-07-04 02:49:04";NULL
"514";"2252";"QREGE09";"Regent 50 SC Red 24 X 250 ml";"2028-01-01";"-";"18000";"0";"750";"Lia";"2026-07-04 09:49:07";"15";"2";"assets/qrcode/stockopname/OP_QQIUD01_2252.png";NULL;"2026-07-04 02:49:07";NULL
"515";"3124";"ZZKAOS267";"Kaos Aminosong Mango";"1000-01-01";"-";"170";"170";"0";"Nila";"2026-07-04 09:49:18";"16";"1";"assets/qrcode/stockopname/OP_ZZKAOS267_3124.png";NULL;"2026-07-04 02:49:18";NULL
"516";"3181";"ZZKAOS264";"Kaos Oblong Panjang Goal";"1000-01-01";"-";"192";"192";"0";"Nila";"2026-07-04 09:49:31";"16";"1";"assets/qrcode/stockopname/OP_ZZKAOS264_3181.png";NULL;"2026-07-04 02:49:31";NULL
"517";"2251";"QREGE09";"Regent 50 SC Red 24 X 250 ml";"2027-12-01";"-";"1128";"0";"47";"Lia";"2026-07-04 09:49:32";"15";"2";"assets/qrcode/stockopname/OP_QQIUD01_2251.png";NULL;"2026-07-04 02:49:32";NULL
"518";"2251";"QREGE09";"Regent 50 SC Red 24 X 250 ml";"2027-12-01";"-";"1128";"0";"47";"Deva";"2026-07-04 09:49:33";"15";"1";"assets/qrcode/stockopname/OP_QQIUD01_2251.png";NULL;"2026-07-04 02:49:33";NULL
"519";"377";"ABELT02";"Belt Yamaha";"1000-01-01";"-";"9";"9";"0";"Ahmad";"2026-07-04 09:49:44";"17";"2";"assets/qrcode/stockopname/OP_QBASR03_377.png";NULL;"2026-07-04 02:49:44";NULL
"520";"3145";"ZZKAOS17";"Kaos EM-4";"1000-01-01";"-";"310";"310";"0";"Nila";"2026-07-04 09:49:44";"16";"1";"assets/qrcode/stockopname/OP_ZZKAOS17_3145.png";NULL;"2026-07-04 02:49:44";NULL
"521";"3147";"ZZKAOS279";"Kaos Fenprozole";"1000-01-01";"-";"1351";"1351";"0";"Anam";"2026-07-04 09:49:50";"16";"2";"assets/qrcode/stockopname/OP_ZZKAOS279_3147.png";NULL;"2026-07-04 02:49:50";NULL
"522";"3275";"ZZKAOS294";"Kaos Shenzi Plus";"1000-01-01";"-";"1200";"1200";"0";"Nila";"2026-07-04 09:49:56";"16";"1";"assets/qrcode/stockopname/OP_ZZKAOS294_3275.png";NULL;"2026-07-04 02:49:56";NULL
"523";"3137";"ZZKAOS220";"Kaos Bisi 321";"1000-01-01";"-";"84";"84";"0";"Anam";"2026-07-04 09:49:57";"16";"2";"assets/qrcode/stockopname/OP_ZZKAOS220_3137.png";NULL;"2026-07-04 02:49:57";NULL
"524";"3148";"QKAOS17";"Kaos Futay";"1000-01-01";"-";"1800";"1800";"0";"Anam";"2026-07-04 09:50:10";"16";"2";"assets/qrcode/stockopname/OP_QKAOS17_3148.png";NULL;"2026-07-04 02:50:10";NULL
"525";"3177";"ZZKAOS95";"Kaos Mulsa Universal";"1000-01-01";"-";"72";"72";"0";"Anam";"2026-07-04 09:50:17";"16";"2";"assets/qrcode/stockopname/OP_ZZKAOS95_3177.png";NULL;"2026-07-04 02:50:17";NULL
"526";"3146";"ZZKAOS18";"Kaos Excel";"1000-01-01";"-";"4019";"4019";"0";"Nila";"2026-07-04 09:50:18";"16";"1";"assets/qrcode/stockopname/OP_ZZKAOS18_3146.png";NULL;"2026-07-04 02:50:18";NULL
"527";"1812";"ANOZZ02";"Nozzle YT 4L, 5L, 7L & 9L";"1000-01-01";"-";"696";"696";"0";"Ahmad";"2026-07-04 09:50:20";"17";"2";"assets/qrcode/stockopname/OP_QMUPX05_1812.png";NULL;"2026-07-04 02:50:20";NULL
"528";"2486";"ASPON03";"Spontan 400 SL 12 X 1 ltr";"2029-09-01";"-";"4800";"0";"400";"Lia";"2026-07-04 09:50:24";"15";"2";"assets/qrcode/stockopname/OP_ASEAL01_2486.png";NULL;"2026-07-04 02:50:24";NULL
"529";"964";"AFUTA6";"Futay-7 (Sayuran Buah) 50 X 100 ml (Sample)";"2029-02-01";"-";"236";"236";"0";"Sukma";"2026-07-04 09:50:26";"17";"1";"assets/qrcode/stockopname/OP_QFUTA01_964.png";NULL;"2026-07-04 02:50:26";NULL
"530";"3197";"ZZKAOS256";"Kaos Qiu Asri";"1000-01-01";"-";"4375";"4375";"0";"Nila";"2026-07-04 09:50:30";"16";"1";"assets/qrcode/stockopname/OP_ZZKAOS256_3197.png";NULL;"2026-07-04 02:50:30";NULL
"531";"3198";"ZZKAOS259";"Kaos Qiu Asri Hijau";"1000-01-01";"-";"6700";"6700";"0";"Anam";"2026-07-04 09:50:33";"16";"2";"assets/qrcode/stockopname/OP_ZZKAOS259_3198.png";NULL;"2026-07-04 02:50:33";NULL
"532";"3266";"ZZBANN15";"Banner Paket Ulat 60 cm X 90 cm";"1000-01-01";"-";"20";"20";"0";"Anam";"2026-07-04 09:50:41";"16";"2";"assets/qrcode/stockopname/OP_ZZBANN15_3266.png";NULL;"2026-07-04 02:50:41";NULL
"533";"2357";"ASARI01";"Saringan Tabung 14 ltr & 17 ltr Star Metal";"1000-01-01";"-";"100";"100";"0";"Ahmad";"2026-07-04 09:50:43";"17";"2";"assets/qrcode/stockopname/OP_QREGE03_2357.png";NULL;"2026-07-04 02:50:43";NULL
"534";"3267";"ZZBANN16";"Banner Paket Ulat 200 cm X 100 cm";"1000-01-01";"-";"25";"25";"0";"Anam";"2026-07-04 09:50:47";"16";"2";"assets/qrcode/stockopname/OP_ZZBANN16_3267.png";NULL;"2026-07-04 02:50:47";NULL
"535";"927";"AFUTA02";"Futay-2 (Jagung) 50 X 100 ml (Sample)";"1000-01-01";"-";"116";"116";"0";"Sukma";"2026-07-04 09:50:54";"17";"1";"assets/qrcode/stockopname/OP_QFLAS02_927.png";NULL;"2026-07-04 02:50:54";NULL
"536";"3193";"ZZKAOS099";"Kaos Super-Soil";"1000-01-01";"-";"148";"148";"0";"Anam";"2026-07-04 09:51:05";"16";"2";"assets/qrcode/stockopname/OP_ZZKAOS099_3193.png";NULL;"2026-07-04 02:51:05";NULL
"537";"442";"ABLAC01";"Black Rubber Tube";"1000-01-01";"-";"83";"83";"0";"Ahmad";"2026-07-04 09:51:10";"17";"2";"assets/qrcode/stockopname/OP_QBIOC10_442.png";NULL;"2026-07-04 02:51:10";NULL
"538";"3178";"ZZKAOS242";"Kaos Mulsa Ori Gajah";"1000-01-01";"-";"69";"69";"0";"Anam";"2026-07-04 09:51:14";"16";"2";"assets/qrcode/stockopname/OP_ZZKAOS242_3178.png";NULL;"2026-07-04 02:51:14";NULL
"539";"2137";"QPUPU16";"Pupuk MagneWish Powder 10 kg";"2027-02-01";"-";"138";"0";"138";"Lia";"2026-07-04 09:51:17";"15";"2";"assets/qrcode/stockopname/OP_APOTT11_2137.png";NULL;"2026-07-04 02:51:17";NULL
"540";"918";"AFUTA01";"Futay-1 (Padi) 50 X 100 ml KARISMA (Sample)";"1000-01-01";"-";"139";"139";"0";"Sukma";"2026-07-04 09:51:20";"17";"1";"assets/qrcode/stockopname/OP_QFILI01_918.png";NULL;"2026-07-04 02:51:20";NULL
"541";"3136";"ZZKAOS265";"Kaos Bisi 18";"1000-01-01";"-";"4395";"4395";"0";"Anam";"2026-07-04 09:51:23";"16";"2";"assets/qrcode/stockopname/OP_ZZKAOS265_3136.png";NULL;"2026-07-04 02:51:23";NULL
"542";"2252";"QREGE09";"Regent 50 SC Red 24 X 250 ml";"2028-01-01";"-";"18000";"0";"750";"Deva";"2026-07-04 09:51:29";"15";"1";"assets/qrcode/stockopname/OP_QQIUD01_2252.png";NULL;"2026-07-04 02:51:29";NULL
"543";"3213";"ZZSARU19";"Sarung Samarinda";"1000-01-01";"-";"101";"101";"0";"Anam";"2026-07-04 09:51:44";"16";"2";"assets/qrcode/stockopname/OP_ZZSARU19_3213.png";NULL;"2026-07-04 02:51:44";NULL
"544";"945";"AFUTA04";"Futay-5 (Umbi) 50 X 100 ml (Sample)";"1000-01-01";"-";"237";"237";"0";"Sukma";"2026-07-04 09:51:51";"17";"1";"assets/qrcode/stockopname/OP_AFORC01_945.png";NULL;"2026-07-04 02:51:51";NULL
"545";"3371";"QPUPU23";"Pupuk MagneWish Granule 25 kg";"2027-04-01";"-";"60";"0";"60";"Lia";"2026-07-04 09:51:59";"15";"2";"assets/qrcode/stockopname/OP_QPUPU23_3371.png";NULL;"2026-07-04 02:51:59";NULL
"546";"3120";"ZZJAMD06";"Jam Dinding Syngenta";"1000-01-01";"-";"1";"1";"0";"Anam";"2026-07-04 09:51:59";"16";"2";"assets/qrcode/stockopname/OP_ZZJAMD06_3120.png";NULL;"2026-07-04 02:51:59";NULL
"547";"3197";"ZZKAOS256";"Kaos Qiu Asri";"1000-01-01";"-";"1997";"1997";"0";"Nila";"2026-07-04 09:52:02";"16";"1";"assets/qrcode/stockopname/OP_ZZKAOS256_3197.png";NULL;"2026-07-04 02:52:02";NULL
"548";"3192";"ZZKAOS60";"Kaos Seminis";"1000-01-01";"-";"10";"10";"0";"Nila";"2026-07-04 09:52:14";"16";"1";"assets/qrcode/stockopname/OP_ZZKAOS138_3192.png";NULL;"2026-07-04 02:52:14";NULL
"549";"3208";"ZZSARU15";"Sarung Atlas";"1000-01-01";"-";"1700";"1700";"0";"Anam";"2026-07-04 09:52:16";"16";"2";"assets/qrcode/stockopname/OP_QSARU02_3208.png";NULL;"2026-07-04 02:52:16";NULL
"550";"3125";"ZZKAOS253";"Kaos Amiboost";"1000-01-01";"-";"1984";"1984";"0";"Nila";"2026-07-04 09:52:25";"16";"1";"assets/qrcode/stockopname/OP_ZZKAOS253_3125.png";NULL;"2026-07-04 02:52:25";NULL
"551";"3257";"ZZBANN12";"Banner Associate Ukuran 200 X 80";"1000-01-01";"-";"26";"26";"0";"Anam";"2026-07-04 09:52:25";"16";"2";"assets/qrcode/stockopname/OP_ZZBANN12_3257.png";NULL;"2026-07-04 02:52:25";NULL
"552";"3126";"ZZKAOS258";"Kaos Asetor";"1000-01-01";"-";"148";"148";"0";"Nila";"2026-07-04 09:52:36";"16";"1";"assets/qrcode/stockopname/OP_ZZKAOS258_3126.png";NULL;"2026-07-04 02:52:36";NULL
"553";"2133";"QPUPU19";"Pupuk MagneWish Granule 50 kg";"2027-02-01";"-";"39";"0";"39";"Lia";"2026-07-04 09:52:40";"15";"2";"assets/qrcode/stockopname/OP_QPOP02_2133.png";NULL;"2026-07-04 02:52:40";NULL
"554";"935";"AFUTA03";"Futay-3 (Buah) 50 X 100 ml (Sample)";"1000-01-01";"-";"100";"100";"0";"Sukma";"2026-07-04 09:52:45";"17";"1";"assets/qrcode/stockopname/OP_QFOLI05_935.png";NULL;"2026-07-04 02:52:45";NULL
"555";"3188";"ZZKAOS69";"Kaos Syngenta";"1000-01-01";"-";"2900";"2900";"0";"Anam";"2026-07-04 09:52:50";"16";"2";"assets/qrcode/stockopname/OP_ZZKAOS69_3188.png";NULL;"2026-07-04 02:52:50";NULL
"556";"3162";"ZZKAOS218";"Kaos Lengan Panjang Bisi 959";"1000-01-01";"-";"1771";"1771";"0";"Nila";"2026-07-04 09:52:51";"16";"1";"assets/qrcode/stockopname/OP_ZZKAOS218_3162.png";NULL;"2026-07-04 02:52:51";NULL
"557";"3166";"ZZKAOS088";"Kaos Lengan Panjang Paket Ulat";"1000-01-01";"-";"7541";"7541";"0";"Nila";"2026-07-04 09:53:03";"16";"1";"assets/qrcode/stockopname/OP_ZZKAOS088_3166.png";NULL;"2026-07-04 02:53:03";NULL
"558";"3188";"ZZKAOS69";"Kaos Syngenta";"1000-01-01";"-";"2851";"2851";"0";"Anam";"2026-07-04 09:53:05";"16";"2";"assets/qrcode/stockopname/OP_ZZKAOS69_3188.png";NULL;"2026-07-04 02:53:05";NULL
"559";"2485";"ASPON03";"Spontan 400 SL 12 X 1 ltr";"2029-08-01";"-";"3324";"0";"277";"Lia";"2026-07-04 09:53:09";"15";"2";"assets/qrcode/stockopname/OP_QSCOR03_2485.png";NULL;"2026-07-04 02:53:09";NULL
"560";"954";"AFUTA5";"Futay-6 (Sayur Daun) 50 X 100 ml (Sample)";"1000-01-01";"-";"89";"89";"0";"Sukma";"2026-07-04 09:53:09";"17";"1";"assets/qrcode/stockopname/OP_QFOST01_954.png";NULL;"2026-07-04 02:53:09";NULL
"561";"1883";"APAKE04";"Paket Convey 336 SC 10 X 40 ml";"2027-11-01";"-";"5440";"0";"544";"Deva";"2026-07-04 09:53:09";"15";"1";"assets/qrcode/stockopname/OP_QNOVL01_1883.png";NULL;"2026-07-04 02:53:09";NULL
"562";"3083";"ZZBANN03";"Banner Kecil Icemut";"1000-01-01";"-";"27";"27";"0";"Anam";"2026-07-04 09:53:16";"16";"2";"assets/qrcode/stockopname/OP_ZZBANN03_3083.png";NULL;"2026-07-04 02:53:16";NULL
"563";"3405";"AHERN01";"Hernab 100 EC 1 ltr";"1000-01-01";"-";"4";"4";"0";"Sukma";"2026-07-04 09:53:29";"17";"1";"assets/qrcode/stockopname/OP_AHERN01_3405.png";NULL;"2026-07-04 02:53:29";NULL
"564";"3109";"ZZGELA03";"Gelas Marshall";"1000-01-01";"-";"789";"789";"0";"Anam";"2026-07-04 09:53:35";"16";"2";"assets/qrcode/stockopname/OP_ZZGELA03_3109.png";NULL;"2026-07-04 02:53:35";NULL
"565";"3381";"AGIRA01";"Girat 23.5 BB 50 X 20 gr";"2028-05-01";"-";"200";"200";"0";"Sukma";"2026-07-04 09:53:47";"17";"1";"assets/qrcode/stockopname/OP_AGIRA01_3381.png";NULL;"2026-07-04 02:53:47";NULL
"566";"3373";"ACHAR06";"Charger Isatech 0,4A";"1000-01-01";"-";"64";"64";"0";"Ahmad";"2026-07-04 09:53:49";"17";"2";"assets/qrcode/stockopname/OP_ACHAR06_3373.png";NULL;"2026-07-04 02:53:49";NULL
"567";"3347";"ZZTOPI19";"Topi Rimba Sidamec";"1000-01-01";"-";"1100";"1100";"0";"Nila";"2026-07-04 09:53:49";"16";"1";"assets/qrcode/stockopname/OP_ZZTOPI19_3347.png";NULL;"2026-07-04 02:53:49";NULL
"568";"3104";"ZZDEMO09";"Demoflag Lenadro";"1000-01-01";"-";"4275";"4275";"0";"Nila";"2026-07-04 09:54:07";"16";"1";"assets/qrcode/stockopname/OP_ZZDEMO09_3104.png";NULL;"2026-07-04 02:54:07";NULL
"569";"3460";"ANIRO01";"Niroga 15 X 1 ltr";"2031-06-01";"FD062026";"15";"15";"0";"Sukma";"2026-07-04 09:54:09";"17";"1";"assets/qrcode/stockopname/OP_ANIRO01_3460.png";NULL;"2026-07-04 02:54:09";NULL
"570";"3092";"ZZBUKU06";"Buku Saku Mia";"1000-01-01";"-";"1267";"1267";"0";"Anam";"2026-07-04 09:54:10";"16";"2";"assets/qrcode/stockopname/OP_ZZBUKU06_3092.png";NULL;"2026-07-04 02:54:10";NULL
"571";"3105";"ZZDEMO08";"Demoflag Nikodem";"1000-01-01";"-";"4185";"4185";"0";"Nila";"2026-07-04 09:54:21";"16";"1";"assets/qrcode/stockopname/OP_ZZDEMO08_3105.png";NULL;"2026-07-04 02:54:21";NULL
"572";"2129";"QPUPU22";"Pupuk MagneWish Granule 10 kg";"2027-01-01";"-";"155";"0";"155";"Deva";"2026-07-04 09:54:26";"15";"1";"assets/qrcode/stockopname/OP_APOLY39_2129.png";NULL;"2026-07-04 02:54:26";NULL
"573";"2700";"ATUTU01";"Tutup Tabung 14 ltr Star Metal";"1000-01-01";"-";"104";"104";"0";"Ahmad";"2026-07-04 09:54:27";"17";"2";"assets/qrcode/stockopname/OP_QTANG41_2700.png";NULL;"2026-07-04 02:54:27";NULL
"574";"3089";"ZZBROS11";"Brosur Nikodem/Lenadro";"1000-01-01";"-";"43450";"43450";"0";"Nila";"2026-07-04 09:54:34";"16";"1";"assets/qrcode/stockopname/OP_ZZBROS11_3089.png";NULL;"2026-07-04 02:54:34";NULL
"575";"3116";"ZZJAMD01";"Jam Dinding Bactocyn";"1000-01-01";"-";"370";"370";"0";"Anam";"2026-07-04 09:54:36";"16";"2";"assets/qrcode/stockopname/OP_ZZJAMD01_3116.png";NULL;"2026-07-04 02:54:36";NULL
"576";"2702";"ATUTU05";"Tutup Tangki 20 ltr";"1000-01-01";"-";"1";"1";"0";"Ahmad";"2026-07-04 09:54:36";"17";"2";"assets/qrcode/stockopname/OP_QTANG56_2702.png";NULL;"2026-07-04 02:54:36";NULL
"577";"2398";"QSELA10";"Selang Plastik";"1000-01-01";"-";"15";"15";"0";"Ahmad";"2026-07-04 09:54:47";"17";"2";"assets/qrcode/stockopname/OP_QROUN01_2398.png";NULL;"2026-07-04 02:54:47";NULL
"578";"3082";"ZZBROS09";"Brosur Bisi 959";"1000-01-01";"-";"5500";"5500";"0";"Nila";"2026-07-04 09:54:47";"16";"1";"assets/qrcode/stockopname/OP_ZZBROS09_3082.png";NULL;"2026-07-04 02:54:47";NULL
"579";"3251";"ZZBANN13";"Banner Paket Ulat";"1000-01-01";"-";"5";"5";"0";"Anam";"2026-07-04 09:54:52";"16";"2";"assets/qrcode/stockopname/OP_ZZBANN13_3251.png";NULL;"2026-07-04 02:54:52";NULL
"580";"2668";"ATRIC02";"Trichaderma (Sample)";"1000-01-01";"-";"8";"8";"0";"Sukma";"2026-07-04 09:54:55";"17";"1";"assets/qrcode/stockopname/OP_QSWIT01_2668.png";NULL;"2026-07-04 02:54:55";NULL
"582";"3209";"ZZSARU25";"Sarung Jenggolo";"1000-01-01";"-";"254";"254";"0";"Nila";"2026-07-04 09:55:01";"16";"1";"assets/qrcode/stockopname/OP_ZZSARU25_3209.png";NULL;"2026-07-04 02:55:01";NULL
"583";"3081";"ZZZENT01";"Zentech Poster Ambest Kutu Kebul";"1000-01-01";"-";"40";"40";"0";"Anam";"2026-07-04 09:55:04";"16";"2";"assets/qrcode/stockopname/OP_ZZZENT01_3081.png";NULL;"2026-07-04 02:55:04";NULL
"584";"2701";"ATUTU02";"Tutup Tabung 17 ltr Star Metal";"1000-01-01";"-";"45";"45";"0";"Ahmad";"2026-07-04 09:55:05";"17";"2";"assets/qrcode/stockopname/OP_QTANG44_2701.png";NULL;"2026-07-04 02:55:05";NULL
"585";"1604";"AMIKO01";"Mikoriza (Sample)";"1000-01-01";"-";"4";"4";"0";"Sukma";"2026-07-04 09:55:10";"17";"1";"assets/qrcode/stockopname/OP_QMETA07_1604.png";NULL;"2026-07-04 02:55:10";NULL
"586";"3095";"ZZDETE02";"Detergen Sayang 36 X 220 gr";"1000-01-01";"-";"709";"709";"0";"Nila";"2026-07-04 09:55:11";"16";"1";"assets/qrcode/stockopname/OP_ZZDETE02_3095.png";NULL;"2026-07-04 02:55:11";NULL
"587";"3256";"ZZBANN11";"Banner Karimazu Ukuran 200 X 80";"1000-01-01";"-";"50";"50";"0";"Anam";"2026-07-04 09:55:16";"16";"2";"assets/qrcode/stockopname/OP_ZZBANN11_3256.png";NULL;"2026-07-04 02:55:16";NULL
"588";"3123";"ZZKAOS283";"Kaos Agxanazol";"1000-01-01";"-";"1534";"1534";"0";"Nila";"2026-07-04 09:55:28";"16";"1";"assets/qrcode/stockopname/OP_ZZKAOS283_3123.png";NULL;"2026-07-04 02:55:28";NULL
"589";"2485";"ASPON03";"Spontan 400 SL 12 X 1 ltr";"2029-08-01";"-";"10536";"0";"878";"Deva";"2026-07-04 09:55:30";"15";"1";"assets/qrcode/stockopname/OP_QSCOR03_2485.png";NULL;"2026-07-04 02:55:30";NULL
"590";"3165";"QKAOS18";"Kaos Lengan Panjang Evergreen";"1000-01-01";"-";"1365";"1365";"0";"Anam";"2026-07-04 09:55:30";"16";"2";"assets/qrcode/stockopname/OP_QKAOS18_3165.png";NULL;"2026-07-04 02:55:30";NULL
"591";"560";"ACALC02";"Calcium Nitrogen Boron (Sample)";"1000-01-01";"-";"4";"4";"0";"Sukma";"2026-07-04 09:55:30";"17";"1";"assets/qrcode/stockopname/OP_QBUMP02_560.png";NULL;"2026-07-04 02:55:30";NULL
"592";"3237";"ZZTAS01";"Tas Serut Eksklusif";"1000-01-01";"-";"50";"50";"0";"Anam";"2026-07-04 09:55:40";"16";"2";"assets/qrcode/stockopname/OP_ZZTAS01_3237.png";NULL;"2026-07-04 02:55:40";NULL
"593";"3122";"QKEME01";"Kemeja MIA";"1000-01-01";"-";"91";"91";"0";"Anam";"2026-07-04 09:55:47";"16";"2";"assets/qrcode/stockopname/OP_QKEME01_3122.png";NULL;"2026-07-04 02:55:47";NULL
"594";"1327";"QKRAN01";"Kran Pencet Star Metal";"1000-01-01";"-";"476";"476";"0";"Ahmad";"2026-07-04 09:55:49";"17";"2";"assets/qrcode/stockopname/OP_QKELP03_1327.png";NULL;"2026-07-04 02:55:49";NULL
"595";"3372";"ACENT05";"Centa-Fur 3GR 2 kg";"2026-09-01";"-";"8";"8";"0";"Sukma";"2026-07-04 09:55:52";"17";"1";"assets/qrcode/stockopname/OP_ACENT05_3372.png";NULL;"2026-07-04 02:55:52";NULL
"596";"3172";"QKAOS13";"Kaos MIA Trio Dahsyat";"1000-01-01";"-";"2333";"2333";"0";"Nila";"2026-07-04 09:55:56";"16";"1";"assets/qrcode/stockopname/OP_QKAOS13_3172.png";NULL;"2026-07-04 02:55:56";NULL
"597";"3241";"ZZUMBU09";"Umbul-umbul Nikodem";"1000-01-01";"-";"129";"129";"0";"Anam";"2026-07-04 09:56:11";"16";"2";"assets/qrcode/stockopname/OP_ZZUMBU09_3241.png";NULL;"2026-07-04 02:56:11";NULL
"598";"3245";"ZZKAOS293";"Kaos Jagung Cling Super";"1000-01-01";"-";"24";"24";"0";"Nila";"2026-07-04 09:56:11";"16";"1";"assets/qrcode/stockopname/OP_ZZKAOS293_3245.png";NULL;"2026-07-04 02:56:11";NULL
"599";"364";"ABATT01";"Battery 12V1, 3AH/20HR";"1000-01-01";"-";"1";"1";"0";"Ahmad";"2026-07-04 09:56:15";"17";"2";"assets/qrcode/stockopname/OP_QBASF03_364.png";NULL;"2026-07-04 02:56:15";NULL
"600";"3242";"ZZUMBU10";"Umbul-umbul Lenadro";"1000-01-01";"-";"129";"129";"0";"Anam";"2026-07-04 09:56:21";"16";"2";"assets/qrcode/stockopname/OP_ZZUMBU10_3242.png";NULL;"2026-07-04 02:56:21";NULL
"601";"40";"AACCU01";"Accu Kayaba Kering 12A - 12 Volt";"1000-01-01";"-";"1";"1";"0";"Ahmad";"2026-07-04 09:56:29";"17";"2";"assets/qrcode/stockopname/OP_AACCU01_40.png";NULL;"2026-07-04 02:56:29";NULL
"602";"3260";"ZZKAOS287";"Kaos Nikodem";"1000-01-01";"-";"13479";"13479";"0";"Nila";"2026-07-04 09:56:30";"16";"1";"assets/qrcode/stockopname/OP_ZZKAOS287_3260.png";NULL;"2026-07-04 02:56:30";NULL
"603";"39";"QACCU06";"Accu Isatech Isa 8-12";"1000-01-01";"-";"3";"3";"0";"Ahmad";"2026-07-04 09:56:40";"17";"2";"assets/qrcode/stockopname/OP_QACCU06_39.png";NULL;"2026-07-04 02:56:40";NULL
"604";"3102";"ZZDEMO05";"Demoflag Vishaka";"1000-01-01";"-";"340";"340";"0";"Anam";"2026-07-04 09:56:42";"16";"2";"assets/qrcode/stockopname/OP_ZZDEMO05_3102.png";NULL;"2026-07-04 02:56:42";NULL
"605";"3385";"APESN01";"Pesnab Green 220 EC 500 ml";"2028-05-01";"-";"18";"18";"0";"Sukma";"2026-07-04 09:56:46";"17";"1";"assets/qrcode/stockopname/OP_APESN01_3385.png";NULL;"2026-07-04 02:56:46";NULL
"606";"3101";"ZZDEMO06";"Demoflag Gardara";"1000-01-01";"-";"375";"375";"0";"Anam";"2026-07-04 09:56:53";"16";"2";"assets/qrcode/stockopname/OP_ZZDEMO06_3101.png";NULL;"2026-07-04 02:56:53";NULL
"607";"3097";"ZZDEMO01";"Demoflag Armeira";"1000-01-01";"-";"470";"470";"0";"Anam";"2026-07-04 09:57:02";"16";"2";"assets/qrcode/stockopname/OP_ZZDEMO01_3097.png";NULL;"2026-07-04 02:57:02";NULL
"608";"3265";"ZZKAOS291";"Kaos Bisi Smk. Classic";"1000-01-01";"-";"1659";"1659";"0";"Nila";"2026-07-04 09:57:03";"16";"1";"assets/qrcode/stockopname/OP_ZZKAOS291_3265.png";NULL;"2026-07-04 02:57:03";NULL
"609";"598";"ACHAR03";"Charger Tangki Excel 16 ltr";"1000-01-01";"-";"1";"1";"0";"Ahmad";"2026-07-04 09:57:04";"17";"2";"assets/qrcode/stockopname/OP_QCALI02_598.png";NULL;"2026-07-04 02:57:04";NULL
"610";"3386";"APEST01";"Pestor Green 100 EC 500 ml";"2028-05-01";"-";"18";"18";"0";"Sukma";"2026-07-04 09:57:10";"17";"1";"assets/qrcode/stockopname/OP_APEST01_3386.png";NULL;"2026-07-04 02:57:10";NULL
"611";"3098";"ZZDEMO07";"Demoflag Castora";"1000-01-01";"-";"625";"625";"0";"Anam";"2026-07-04 09:57:14";"16";"2";"assets/qrcode/stockopname/OP_ZZDEMO07_3098.png";NULL;"2026-07-04 02:57:14";NULL
"612";"738";"QDINA01";"Dinamo Yoto Elektrik 16 ltr";"1000-01-01";"-";"12";"12";"0";"Ahmad";"2026-07-04 09:57:14";"17";"2";"assets/qrcode/stockopname/OP_QDEKA04_738.png";NULL;"2026-07-04 02:57:14";NULL
"613";"3261";"ZZKAOS286";"Kaos Lenadro";"1000-01-01";"-";"6639";"6639";"0";"Nila";"2026-07-04 09:57:17";"16";"1";"assets/qrcode/stockopname/OP_ZZKAOS286_3261.png";NULL;"2026-07-04 02:57:17";NULL
"614";"737";"ADINA01";"Dinamo Yama Power 16 ltr";"1000-01-01";"-";"4";"4";"0";"Ahmad";"2026-07-04 09:57:26";"17";"2";"assets/qrcode/stockopname/OP_QDEKA04_737.png";NULL;"2026-07-04 02:57:26";NULL
"615";"972";"AGAJA02";"GA Jagung 20 X 500 ml (Sample)";"2026-07-01";"-";"40";"40";"0";"Sukma";"2026-07-04 09:57:29";"17";"1";"assets/qrcode/stockopname/OP_QFUTA10_972.png";NULL;"2026-07-04 02:57:29";NULL
"616";"3259";"ZZKAOS285";"Kaos Piribac (Bonus Pinamec)";"1000-01-01";"-";"81";"81";"0";"Nila";"2026-07-04 09:57:31";"16";"1";"assets/qrcode/stockopname/OP_ZZKAOS285_3259.png";NULL;"2026-07-04 02:57:31";NULL
"617";"3103";"QDEMO08";"Demoflag Piraklo";"1000-01-01";"-";"3740";"3740";"0";"Anam";"2026-07-04 09:57:36";"16";"2";"assets/qrcode/stockopname/OP_QDEMO08_3103.png";NULL;"2026-07-04 02:57:36";NULL
"618";"736";"ADINA02";"Dinamo Basata Electrik";"1000-01-01";"-";"1";"1";"0";"Ahmad";"2026-07-04 09:57:37";"17";"2";"assets/qrcode/stockopname/OP_QDEKA04_736.png";NULL;"2026-07-04 02:57:37";NULL
"619";"3199";"QKAOS16";"Kaos Robust";"1000-01-01";"-";"92";"92";"0";"Nila";"2026-07-04 09:57:43";"16";"1";"assets/qrcode/stockopname/OP_QKAOS16_3199.png";NULL;"2026-07-04 02:57:43";NULL
"620";"1149";"AGWMA03";"GW Magicgro G6 48 X 248 ml (Sampel)";"1000-01-01";"-";"96";"96";"0";"Sukma";"2026-07-04 09:57:45";"17";"1";"assets/qrcode/stockopname/OP_QGLOV03_1149.png";NULL;"2026-07-04 02:57:45";NULL
"621";"3100";"QDEMO07";"Demoflag Elazaro";"1000-01-01";"-";"4330";"4330";"0";"Anam";"2026-07-04 09:57:52";"16";"2";"assets/qrcode/stockopname/OP_QDEMO07_3100.png";NULL;"2026-07-04 02:57:52";NULL
"622";"3262";"ZZKAOS288";"Kaos Lengan Panjang Paket 3 Jurus";"1000-01-01";"-";"1168";"1168";"0";"Nila";"2026-07-04 09:57:54";"16";"1";"assets/qrcode/stockopname/OP_ZZKAOS288_3262.png";NULL;"2026-07-04 02:57:54";NULL
"623";"3099";"QDEMO06";"Demoflag Desanto";"1000-01-01";"-";"4190";"4190";"0";"Anam";"2026-07-04 09:58:09";"16";"2";"assets/qrcode/stockopname/OP_QDEMO06_3099.png";NULL;"2026-07-04 02:58:09";NULL
"624";"3163";"ZZKAOS198";"Kaos Lengan Panjang Pinamec";"1000-01-01";"-";"593";"593";"0";"Nila";"2026-07-04 09:58:19";"16";"1";"assets/qrcode/stockopname/OP_ZZKAOS198_3163.png";NULL;"2026-07-04 02:58:19";NULL
"625";"3119";"QJAMD03";"Jam Dinding Mirado MQ 8877 SL";"1000-01-01";"-";"70";"70";"0";"Anam";"2026-07-04 09:58:28";"16";"2";"assets/qrcode/stockopname/OP_QJAMD03_3119.png";NULL;"2026-07-04 02:58:28";NULL
"626";"3264";"ZZSARU31";"Sarung Al Hilal";"1000-01-01";"-";"53";"53";"0";"Nila";"2026-07-04 09:58:29";"16";"1";"assets/qrcode/stockopname/OP_ZZSARU31_3264.png";NULL;"2026-07-04 02:58:29";NULL
"627";"2400";"QSELA02";"Selang YT 4L, 5L, 7L & 9L";"1000-01-01";"-";"40";"40";"0";"Ahmad";"2026-07-04 09:58:33";"17";"2";"assets/qrcode/stockopname/OP_QROUN01_2400.png";NULL;"2026-07-04 02:58:33";NULL
"628";"1151";"AGWVI02";"GW Vit B1+B6 100 X 100 ml";"1000-01-01";"-";"86";"86";"0";"Sukma";"2026-07-04 09:58:39";"17";"1";"assets/qrcode/stockopname/OP_QGLOV01_1151.png";NULL;"2026-07-04 02:58:39";NULL
"629";"3263";"ZZSARU22";"Sarung Arabi Madinah";"1000-01-01";"-";"2";"2";"0";"Nila";"2026-07-04 09:58:39";"16";"1";"assets/qrcode/stockopname/OP_ZZSARU22_3263.png";NULL;"2026-07-04 02:58:39";NULL
"630";"2286";"ARING02";"Ring Penyokong 14 ltr Star Metal";"1000-01-01";"-";"90";"90";"0";"Ahmad";"2026-07-04 09:58:45";"17";"2";"assets/qrcode/stockopname/OP_QQIUS01_2286.png";NULL;"2026-07-04 02:58:45";NULL
"631";"3117";"QJAMD01";"Jam Dinding Mirado MQ 8505 SL";"1000-01-01";"-";"201";"201";"0";"Anam";"2026-07-04 09:58:50";"16";"2";"assets/qrcode/stockopname/OP_QJAMD01_3117.png";NULL;"2026-07-04 02:58:50";NULL
"632";"3151";"ZZKAOS098";"Kaos Golden Glulier";"1000-01-01";"-";"447";"447";"0";"Anam";"2026-07-04 09:59:09";"16";"2";"assets/qrcode/stockopname/OP_ZZKAOS098_3151.png";NULL;"2026-07-04 02:59:09";NULL
"633";"2555";"QSUPE10";"Super-Soil 16 X 1 kg";"2031-01-01";"-";"11";"11";"0";"Sukma";"2026-07-04 09:59:19";"17";"1";"assets/qrcode/stockopname/OP_QSINE01_2555.png";NULL;"2026-07-04 02:59:19";NULL
"634";"3156";"ZZKAOS195";"Kaos Java Karlos";"1000-01-01";"-";"639";"639";"0";"Anam";"2026-07-04 09:59:27";"16";"2";"assets/qrcode/stockopname/OP_QKAOS09_3156.png";NULL;"2026-07-04 02:59:27";NULL
"635";"3118";"QJAMD02";"Jam Dinding Mirado MQ 8867 SL";"1000-01-01";"-";"36";"36";"0";"Anam";"2026-07-04 09:59:37";"16";"2";"assets/qrcode/stockopname/OP_QJAMD02_3118.png";NULL;"2026-07-04 02:59:37";NULL
"636";"3216";"QSARU03";"Sarung Tanwin";"1000-01-01";"-";"507";"507";"0";"Nila";"2026-07-04 09:59:45";"16";"1";"assets/qrcode/stockopname/OP_ASARU01_3216.png";NULL;"2026-07-04 02:59:45";NULL
"637";"2287";"ARING03";"Ring Penyokong 17 ltr Star Metal";"1000-01-01";"-";"95";"95";"0";"Ahmad";"2026-07-04 09:59:45";"17";"2";"assets/qrcode/stockopname/OP_QQIUS01_2287.png";NULL;"2026-07-04 02:59:45";NULL
"638";"2158";"AQIUC02";"Qiucall 1 kg (Sample)";"1000-01-01";"-";"25";"25";"0";"Sukma";"2026-07-04 09:59:46";"17";"1";"assets/qrcode/stockopname/OP_QPREV02_2158.png";NULL;"2026-07-04 02:59:46";NULL
"639";"3236";"QTOPI02";"Topi Rimba MIA";"1000-01-01";"-";"6";"6";"0";"Anam";"2026-07-04 09:59:47";"16";"2";"assets/qrcode/stockopname/OP_QTOPI02_3236.png";NULL;"2026-07-04 02:59:47";NULL
"640";"3187";"ZZKAO100";"Kaos Saprodap";"1000-01-01";"-";"176";"176";"0";"Anam";"2026-07-04 09:59:58";"16";"2";"assets/qrcode/stockopname/OP_ZZKAO100_3187.png";NULL;"2026-07-04 02:59:58";NULL
"641";"2422";"ASHAL01";"Shallot 600 SL 10 X 460 ml (Sample)";"1000-01-01";"-";"40";"40";"0";"Sukma";"2026-07-04 10:00:05";"17";"1";"assets/qrcode/stockopname/OP_QROZA03_2422.png";NULL;"2026-07-04 03:00:05";NULL
"642";"3191";"ZZKAOS245";"Kaos Sidamec";"1000-01-01";"-";"4686";"4686";"0";"Nila";"2026-07-04 10:00:05";"16";"1";"assets/qrcode/stockopname/OP_ZZKAOS245_3191.png";NULL;"2026-07-04 03:00:05";NULL
"643";"3130";"ZZKAOS101";"Kaos Bamex";"1000-01-01";"-";"2000";"2000";"0";"Anam";"2026-07-04 10:00:11";"16";"2";"assets/qrcode/stockopname/OP_QKAOS15_3130.png";NULL;"2026-07-04 03:00:11";NULL
"644";"2570";"QTABU02";"Tabung Kosong";"1000-01-01";"-";"10";"10";"0";"Sukma";"2026-07-04 10:00:16";"17";"1";"assets/qrcode/stockopname/OP_QSKIE02_2570.png";NULL;"2026-07-04 03:00:16";NULL
"645";"2285";"ARING01";"Ring Karet Tg";"1000-01-01";"-";"6422";"6422";"0";"Ahmad";"2026-07-04 10:00:18";"17";"2";"assets/qrcode/stockopname/OP_QQIUS01_2285.png";NULL;"2026-07-04 03:00:18";NULL
"646";"3107";"ZZEMBER02";"Ember (Bonus Benabel/Colam/Liding)";"1000-01-01";"-";"2371";"2371";"0";"Nila";"2026-07-04 10:00:28";"16";"1";"assets/qrcode/stockopname/OP_ZZEMBER02_3107.png";NULL;"2026-07-04 03:00:28";NULL
"647";"3391";"ATANG65";"Tangki Kosong Sprayer Elektrik Quda Karisma 5 L";"1000-01-01";"-";"5";"5";"0";"Sukma";"2026-07-04 10:00:32";"17";"1";"assets/qrcode/stockopname/OP_ATANG65_3391.png";NULL;"2026-07-04 03:00:32";NULL
"648";"3223";"ZZSEPA04";"Sepatu Boots MDN ukuran 39";"1000-01-01";"-";"14";"14";"0";"Nila";"2026-07-04 10:00:45";"16";"1";"assets/qrcode/stockopname/OP_ZZSEPA04_3223.png";NULL;"2026-07-04 03:00:45";NULL
"649";"3220";"ZZSEPA02";"Sepatu Boots Yu Bang ukuran 42";"1000-01-01";"-";"20";"20";"0";"Nila";"2026-07-04 10:00:56";"16";"1";"assets/qrcode/stockopname/OP_ZZSEPA02_3220.png";NULL;"2026-07-04 03:00:56";NULL
"650";"3224";"ZZSEPA05";"Sepatu Boots MDN ukuran 40";"1000-01-01";"-";"15";"15";"0";"Nila";"2026-07-04 10:01:06";"16";"1";"assets/qrcode/stockopname/OP_ZZSEPA05_3224.png";NULL;"2026-07-04 03:01:06";NULL
"651";"1990";"QPIPA02";"Pipa Penyemprot Fiberglass YT 3L, 4L, 5L, 7L & 9L";"1000-01-01";"-";"10";"10";"0";"Ahmad";"2026-07-04 10:01:13";"17";"2";"assets/qrcode/stockopname/OP_QPAPA02_1990.png";NULL;"2026-07-04 03:01:13";NULL
"652";"3221";"ZZSEPA01";"Sepatu Boots Yu Bang ukuran 43";"1000-01-01";"-";"25";"25";"0";"Nila";"2026-07-04 10:01:22";"16";"1";"assets/qrcode/stockopname/OP_ZZSEPA01_3221.png";NULL;"2026-07-04 03:01:22";NULL
"653";"3222";"ZZSEPA03";"Sepatu Boots Yu Bang ukuran 41";"1000-01-01";"-";"22";"22";"0";"Nila";"2026-07-04 10:01:35";"16";"1";"assets/qrcode/stockopname/OP_ZZSEPA03_3222.png";NULL;"2026-07-04 03:01:35";NULL
"654";"3246";"QPOLO01";"Polo Shirt MIA (Putih Kombinasi)";"1000-01-01";"-";"162";"162";"0";"Anam";"2026-07-04 10:01:45";"16";"2";"assets/qrcode/stockopname/OP_QPOLO01_3246.png";NULL;"2026-07-04 03:01:45";NULL
"655";"118";"QALAT16";"Alat Service YT 5L / 7L";"1000-01-01";"-";"200";"200";"0";"Ahmad";"2026-07-04 10:01:48";"17";"2";"assets/qrcode/stockopname/OP_QAKRO03_118.png";NULL;"2026-07-04 03:01:48";NULL
"656";"3079";"ZZMEJA01";"Meja Display (Cling)";"1000-01-01";"-";"4";"4";"0";"Nila";"2026-07-04 10:01:48";"16";"1";"assets/qrcode/stockopname/OP_ZZMEJA01_3079.png";NULL;"2026-07-04 03:01:48";NULL
"657";"3142";"ZZKAOS90";"Kaos Dekalb";"1000-01-01";"-";"62";"62";"0";"Anam";"2026-07-04 10:01:53";"16";"2";"assets/qrcode/stockopname/OP_ZZKAOS90_3142.png";NULL;"2026-07-04 03:01:53";NULL
"658";"3250";"ZZKULK16";"Kulkas Polytron 2 pintu";"1000-01-01";"-";"2";"2";"0";"Nila";"2026-07-04 10:02:03";"16";"1";"assets/qrcode/stockopname/OP_ZZKULK13_3250.png";NULL;"2026-07-04 03:02:03";NULL
"659";"3139";"ZZKAOS263";"Kaos Chief";"1000-01-01";"-";"46";"46";"0";"Anam";"2026-07-04 10:02:10";"16";"2";"assets/qrcode/stockopname/OP_ZZKAOS263_3139.png";NULL;"2026-07-04 03:02:10";NULL
"660";"3392";"AGUNT02";"Gunting Gland 7";"1000-01-01";"-";"49";"49";"0";"Sukma";"2026-07-04 10:02:15";"17";"1";"assets/qrcode/stockopname/OP_AGUNT02_3392.png";NULL;"2026-07-04 03:02:15";NULL
"661";"3159";"ZZKAOS268";"Kaos Kerah Amolin";"1000-01-01";"-";"152";"152";"0";"Anam";"2026-07-04 10:02:19";"16";"2";"assets/qrcode/stockopname/OP_ZZKAOS268_3159.png";NULL;"2026-07-04 03:02:19";NULL
"662";"3167";"ZZKAOS290";"Kaos Lengan Panjang Agrogibb";"1000-01-01";"-";"3275";"3275";"0";"Nila";"2026-07-04 10:02:22";"16";"1";"assets/qrcode/stockopname/OP_ZZKAOS290_3167.png";NULL;"2026-07-04 03:02:22";NULL
"663";"3149";"ZZKAOS228";"Kaos Gibraz";"1000-01-01";"-";"1804";"1804";"0";"Nila";"2026-07-04 10:02:36";"16";"1";"assets/qrcode/stockopname/OP_ZZKAOS228_3149.png";NULL;"2026-07-04 03:02:36";NULL
"664";"1257";"QKATU01";"Katup Pelepas Angin YT 5L";"1000-01-01";"-";"45";"45";"0";"Ahmad";"2026-07-04 10:02:49";"17";"2";"assets/qrcode/stockopname/OP_QINKA02_1257.png";NULL;"2026-07-04 03:02:49";NULL
"665";"3138";"ZZKAOS83";"Kaos Calaris";"1000-01-01";"-";"7415";"7415";"0";"Nila";"2026-07-04 10:03:09";"16";"1";"assets/qrcode/stockopname/OP_ZZKAOS83_3138.png";NULL;"2026-07-04 03:03:09";NULL
"666";"2523";"ASPUY04";"Spuyer LB 4 Stell";"1000-01-01";"-";"12";"12";"0";"Ahmad";"2026-07-04 10:03:29";"17";"2";"assets/qrcode/stockopname/OP_QSG0101_2523.png";NULL;"2026-07-04 03:03:29";NULL
"667";"3108";"ZZGELA01";"Gelas Agricon";"1000-01-01";"-";"2798";"2798";"0";"Nila";"2026-07-04 10:03:38";"16";"1";"assets/qrcode/stockopname/OP_ZZGELA01_3108.png";NULL;"2026-07-04 03:03:38";NULL
"668";"2004";"APITA01";"Pita Alat Pengikat Tanaman Yoto 25 X 20 X 1 roll";"1000-01-01";"-";"860";"860";"0";"Sukma";"2026-07-04 10:04:18";"17";"1";"assets/qrcode/stockopname/OP_QPARA06_2004.png";NULL;"2026-07-04 03:04:18";NULL
"669";"1241";"QKARE01";"Karet Piston YT 5L";"1000-01-01";"-";"10";"10";"0";"Ahmad";"2026-07-04 10:04:37";"17";"2";"assets/qrcode/stockopname/OP_AHIJA01_1241.png";NULL;"2026-07-04 03:04:37";NULL
"670";"1739";"QMURY01";"Mur YT 5L";"1000-01-01";"-";"40";"40";"0";"Ahmad";"2026-07-04 10:04:49";"17";"2";"assets/qrcode/stockopname/OP_QMULS03_1739.png";NULL;"2026-07-04 03:04:49";NULL
"671";"1328";"QKRAN02";"Kran YT 4L, 5L, 7L & 9L";"1000-01-01";"-";"40";"40";"0";"Sukma";"2026-07-04 10:04:56";"17";"1";"assets/qrcode/stockopname/OP_QKELP03_1328.png";NULL;"2026-07-04 03:04:56";NULL
"672";"2045";"APOMP02";"Pompa Plasindo 14 ltr";"1000-01-01";"-";"4";"4";"0";"Sukma";"2026-07-04 10:05:22";"17";"1";"assets/qrcode/stockopname/OP_QPERO01_2045.png";NULL;"2026-07-04 03:05:22";NULL
"674";"2577";"ATALI01";"Tali Gendong Hijau Star Metal";"1000-01-01";"-";"28";"28";"0";"Ahmad";"2026-07-04 10:05:52";"17";"2";"assets/qrcode/stockopname/OP_QSOFI02_2577.png";NULL;"2026-07-04 03:05:52";NULL
"675";"3246";"QPOLO01";"Polo Shirt MIA (Putih Kombinasi)";"1000-01-01";"-";"162";"162";"0";"Nila";"2026-07-04 10:06:13";"16";"1";"assets/qrcode/stockopname/OP_QPOLO01_3246.png";NULL;"2026-07-04 03:06:13";NULL
"676";"2285";"ARING01";"Ring Karet Tg";"1000-01-01";"-";"6422";"6422";"0";"Sukma";"2026-07-04 10:06:18";"17";"1";"assets/qrcode/stockopname/OP_QQIUS01_2285.png";NULL;"2026-07-04 03:06:18";NULL
"677";"1990";"QPIPA02";"Pipa Penyemprot Fiberglass YT 3L, 4L, 5L, 7L & 9L";"1000-01-01";"-";"10";"10";"0";"Sukma";"2026-07-04 10:06:38";"17";"1";"assets/qrcode/stockopname/OP_QPAPA02_1990.png";NULL;"2026-07-04 03:06:38";NULL
"678";"2004";"APITA01";"Pita Alat Pengikat Tanaman Yoto 25 X 20 X 1 roll";"1000-01-01";"-";"860";"860";"0";"Ahmad";"2026-07-04 10:06:43";"17";"2";"assets/qrcode/stockopname/OP_QPARA06_2004.png";NULL;"2026-07-04 03:06:43";NULL
"679";"118";"QALAT16";"Alat Service YT 5L / 7L";"1000-01-01";"-";"200";"200";"0";"Sukma";"2026-07-04 10:06:53";"17";"1";"assets/qrcode/stockopname/OP_QAKRO03_118.png";NULL;"2026-07-04 03:06:53";NULL
"680";"2045";"APOMP02";"Pompa Plasindo 14 ltr";"1000-01-01";"-";"4";"4";"0";"Ahmad";"2026-07-04 10:07:07";"17";"2";"assets/qrcode/stockopname/OP_QPERO01_2045.png";NULL;"2026-07-04 03:07:07";NULL
"681";"1257";"QKATU01";"Katup Pelepas Angin YT 5L";"1000-01-01";"-";"45";"45";"0";"Sukma";"2026-07-04 10:07:09";"17";"1";"assets/qrcode/stockopname/OP_QINKA02_1257.png";NULL;"2026-07-04 03:07:09";NULL
"682";"1739";"QMURY01";"Mur YT 5L";"1000-01-01";"-";"40";"40";"0";"Sukma";"2026-07-04 10:07:26";"17";"1";"assets/qrcode/stockopname/OP_QMULS03_1739.png";NULL;"2026-07-04 03:07:26";NULL
"683";"1328";"QKRAN02";"Kran YT 4L, 5L, 7L & 9L";"1000-01-01";"-";"40";"40";"0";"Ahmad";"2026-07-04 10:07:30";"17";"2";"assets/qrcode/stockopname/OP_QKELP03_1328.png";NULL;"2026-07-04 03:07:30";NULL
"684";"1241";"QKARE01";"Karet Piston YT 5L";"1000-01-01";"-";"10";"10";"0";"Sukma";"2026-07-04 10:07:40";"17";"1";"assets/qrcode/stockopname/OP_AHIJA01_1241.png";NULL;"2026-07-04 03:07:40";NULL
"685";"3391";"ATANG65";"Tangki Kosong Sprayer Elektrik Quda Karisma 5 L";"1000-01-01";"-";"5";"5";"0";"Ahmad";"2026-07-04 10:07:48";"17";"2";"assets/qrcode/stockopname/OP_ATANG65_3391.png";NULL;"2026-07-04 03:07:48";NULL
"686";"2523";"ASPUY04";"Spuyer LB 4 Stell";"1000-01-01";"-";"12";"12";"0";"Sukma";"2026-07-04 10:07:52";"17";"1";"assets/qrcode/stockopname/OP_QSG0101_2523.png";NULL;"2026-07-04 03:07:52";NULL
"687";"2570";"QTABU02";"Tabung Kosong";"1000-01-01";"-";"10";"10";"0";"Ahmad";"2026-07-04 10:07:59";"17";"2";"assets/qrcode/stockopname/OP_QSKIE02_2570.png";NULL;"2026-07-04 03:07:59";NULL
"688";"3196";"ZZKAOS244";"Kaos Qiuvita";"1000-01-01";"-";"923";"923";"0";"Anam";"2026-07-04 10:08:00";"16";"2";"assets/qrcode/stockopname/OP_ZZKAOS244_3196.png";NULL;"2026-07-04 03:08:00";NULL
"689";"1327";"QKRAN01";"Kran Pencet Star Metal";"1000-01-01";"-";"476";"476";"0";"Sukma";"2026-07-04 10:08:10";"17";"1";"assets/qrcode/stockopname/OP_QKELP03_1327.png";NULL;"2026-07-04 03:08:10";NULL
"690";"3211";"ZZSARU20";"Sarung Gajah Duduk";"1000-01-01";"-";"864";"864";"0";"Anam";"2026-07-04 10:08:27";"16";"2";"assets/qrcode/stockopname/OP_ZZSARU20_3211.png";NULL;"2026-07-04 03:08:27";NULL
"691";"3373";"ACHAR06";"Charger Isatech 0,4A";"1000-01-01";"-";"64";"64";"0";"Sukma";"2026-07-04 10:08:32";"17";"1";"assets/qrcode/stockopname/OP_ACHAR06_3373.png";NULL;"2026-07-04 03:08:32";NULL
"692";"2700";"ATUTU01";"Tutup Tabung 14 ltr Star Metal";"1000-01-01";"-";"104";"104";"0";"Sukma";"2026-07-04 10:08:46";"17";"1";"assets/qrcode/stockopname/OP_QTANG41_2700.png";NULL;"2026-07-04 03:08:46";NULL
"693";"2702";"ATUTU05";"Tutup Tangki 20 ltr";"1000-01-01";"-";"1";"1";"0";"Sukma";"2026-07-04 10:08:57";"17";"1";"assets/qrcode/stockopname/OP_QTANG56_2702.png";NULL;"2026-07-04 03:08:57";NULL
"694";"3164";"ZZKAOS250";"Kaos Lengan Panjang Q235";"1000-01-01";"-";"8081";"8081";"0";"Anam";"2026-07-04 10:09:01";"16";"2";"assets/qrcode/stockopname/OP_ZZKAOS250_3164.png";NULL;"2026-07-04 03:09:01";NULL
"695";"2398";"QSELA10";"Selang Plastik";"1000-01-01";"-";"15";"15";"0";"Sukma";"2026-07-04 10:09:14";"17";"1";"assets/qrcode/stockopname/OP_QROUN01_2398.png";NULL;"2026-07-04 03:09:14";NULL
"696";"3150";"ZZKAOS212";"Kaos Gamectin";"1000-01-01";"-";"195";"195";"0";"Anam";"2026-07-04 10:09:15";"16";"2";"assets/qrcode/stockopname/OP_ZZKAOS212_3150.png";NULL;"2026-07-04 03:09:15";NULL
"697";"2701";"ATUTU02";"Tutup Tabung 17 ltr Star Metal";"1000-01-01";"-";"45";"45";"0";"Sukma";"2026-07-04 10:09:27";"17";"1";"assets/qrcode/stockopname/OP_QTANG44_2701.png";NULL;"2026-07-04 03:09:27";NULL
"698";"3195";"ZZKAOS276";"Kaos Sinway";"1000-01-01";"-";"982";"982";"0";"Anam";"2026-07-04 10:09:31";"16";"2";"assets/qrcode/stockopname/OP_ZZKAOS276_3195.png";NULL;"2026-07-04 03:09:31";NULL
"699";"3392";"AGUNT02";"Gunting Gland 7";"1000-01-01";"-";"49";"49";"0";"Ahmad";"2026-07-04 10:09:33";"17";"2";"assets/qrcode/stockopname/OP_AGUNT02_3392.png";NULL;"2026-07-04 03:09:33";NULL
"700";"2357";"ASARI01";"Saringan Tabung 14 ltr & 17 ltr Star Metal";"1000-01-01";"-";"100";"100";"0";"Sukma";"2026-07-04 10:10:07";"17";"1";"assets/qrcode/stockopname/OP_QREGE03_2357.png";NULL;"2026-07-04 03:10:07";NULL
"701";"2158";"AQIUC02";"Qiucall 1 kg (Sample)";"1000-01-01";"-";"25";"25";"0";"Ahmad";"2026-07-04 10:10:08";"17";"2";"assets/qrcode/stockopname/OP_QPREV02_2158.png";NULL;"2026-07-04 03:10:08";NULL
"702";"442";"ABLAC01";"Black Rubber Tube";"1000-01-01";"-";"83";"83";"0";"Sukma";"2026-07-04 10:10:49";"17";"1";"assets/qrcode/stockopname/OP_QBIOC10_442.png";NULL;"2026-07-04 03:10:49";NULL
"703";"1149";"AGWMA03";"GW Magicgro G6 48 X 248 ml (Sampel)";"1000-01-01";"-";"96";"96";"0";"Ahmad";"2026-07-04 10:10:52";"17";"2";"assets/qrcode/stockopname/OP_QGLOV03_1149.png";NULL;"2026-07-04 03:10:52";NULL
"704";"2422";"ASHAL01";"Shallot 600 SL 10 X 460 ml (Sample)";"1000-01-01";"-";"40";"40";"0";"Ahmad";"2026-07-04 10:11:21";"17";"2";"assets/qrcode/stockopname/OP_QROZA03_2422.png";NULL;"2026-07-04 03:11:21";NULL
"705";"972";"AGAJA02";"GA Jagung 20 X 500 ml (Sample)";"2026-07-01";"-";"40";"40";"0";"Ahmad";"2026-07-04 10:11:36";"17";"2";"assets/qrcode/stockopname/OP_QFUTA10_972.png";NULL;"2026-07-04 03:11:36";NULL
"706";"1208";"AISIS01";"Isi Staples Alat Pengikat Tanaman Yoto 10 X 1 pack";"1000-01-01";"-";"51";"51";"0";"Sukma";"2026-07-04 10:11:42";"17";"1";"assets/qrcode/stockopname/OP_QGWMA02_1208.png";NULL;"2026-07-04 03:11:42";NULL
"707";"3211";"ZZSARU20";"Sarung Gajah Duduk";"1000-01-01";"-";"489";"489";"0";"Anam";"2026-07-04 10:11:53";"16";"2";"assets/qrcode/stockopname/OP_ZZSARU20_3211.png";NULL;"2026-07-04 03:11:53";NULL
"708";"2555";"QSUPE10";"Super-Soil 16 X 1 kg";"2031-01-01";"-";"11";"11";"0";"Ahmad";"2026-07-04 10:12:03";"17";"2";"assets/qrcode/stockopname/OP_QSINE01_2555.png";NULL;"2026-07-04 03:12:03";NULL
"709";"1812";"ANOZZ02";"Nozzle YT 4L, 5L, 7L & 9L";"1000-01-01";"-";"696";"696";"0";"Sukma";"2026-07-04 10:12:09";"17";"1";"assets/qrcode/stockopname/OP_QMUPX05_1812.png";NULL;"2026-07-04 03:12:09";NULL
"710";"1151";"AGWVI02";"GW Vit B1+B6 100 X 100 ml";"1000-01-01";"-";"86";"86";"0";"Ahmad";"2026-07-04 10:12:25";"17";"2";"assets/qrcode/stockopname/OP_QGLOV01_1151.png";NULL;"2026-07-04 03:12:25";NULL
"711";"1992";"QPIPA03";"Pipa Semprot";"1000-01-01";"-";"15";"15";"0";"Sukma";"2026-07-04 10:12:42";"17";"1";"assets/qrcode/stockopname/OP_QPARA07_1992.png";NULL;"2026-07-04 03:12:42";NULL
"712";"3386";"APEST01";"Pestor Green 100 EC 500 ml";"2028-05-01";"-";"18";"18";"0";"Ahmad";"2026-07-04 10:12:45";"17";"2";"assets/qrcode/stockopname/OP_APEST01_3386.png";NULL;"2026-07-04 03:12:45";NULL
"714";"3384";"APELA01";"Pelatuk Sprayer Elektrik Quda Karisma 5 L";"1000-01-01";"-";"8";"8";"0";"Sukma";"2026-07-04 10:12:54";"17";"1";"assets/qrcode/stockopname/OP_APELA01_3384.png";NULL;"2026-07-04 03:12:54";NULL
"715";"3372";"ACENT05";"Centa-Fur 3GR 2 kg";"2026-09-01";"-";"8";"8";"0";"Ahmad";"2026-07-04 10:13:01";"17";"2";"assets/qrcode/stockopname/OP_ACENT05_3372.png";NULL;"2026-07-04 03:13:01";NULL
"716";"3387";"APIPA06";"Pipa Semprot Hand Motor Quda Karisma 5 L";"1000-01-01";"-";"4";"4";"0";"Sukma";"2026-07-04 10:13:09";"17";"1";"assets/qrcode/stockopname/OP_APIPA06_3387.png";NULL;"2026-07-04 03:13:09";NULL
"717";"3388";"APIPA05";"Pipa Semprot Sprayer Elektrik Quda Karisma 5 L";"1000-01-01";"-";"5";"5";"0";"Sukma";"2026-07-04 10:13:22";"17";"1";"assets/qrcode/stockopname/OP_APIPA05_3388.png";NULL;"2026-07-04 03:13:22";NULL
"718";"3404";"ASELA14";"Selang Sprayer Elektrik Quda Karisma 5 L";"1000-01-01";"-";"10";"10";"0";"Sukma";"2026-07-04 10:13:32";"17";"1";"assets/qrcode/stockopname/OP_ASELA14_3404.png";NULL;"2026-07-04 03:13:32";NULL
"719";"3460";"ANIRO01";"Niroga 15 X 1 ltr";"2031-06-01";"FD062026";"15";"15";"0";"Ahmad";"2026-07-04 10:13:37";"17";"2";"assets/qrcode/stockopname/OP_ANIRO01_3460.png";NULL;"2026-07-04 03:13:37";NULL
"720";"1991";"QPIPA01";"Pipa Penyemprot+G.Orange 20 L Star Metal";"1000-01-01";"-";"36";"36";"0";"Sukma";"2026-07-04 10:13:44";"17";"1";"assets/qrcode/stockopname/OP_QPARA07_1991.png";NULL;"2026-07-04 03:13:44";NULL
"721";"117";"QALAT20";"Alat Pengikat Tanaman Yoto";"1000-01-01";"-";"318";"318";"0";"Sukma";"2026-07-04 10:13:54";"17";"1";"assets/qrcode/stockopname/OP_QAKRO02_117.png";NULL;"2026-07-04 03:13:54";NULL
"722";"2397";"QSELA01";"Selang Orange Komplit+G. Plastik Star Metal";"1000-01-01";"-";"817";"817";"0";"Sukma";"2026-07-04 10:14:13";"17";"1";"assets/qrcode/stockopname/OP_QROTR02_2397.png";NULL;"2026-07-04 03:14:13";NULL
"723";"945";"AFUTA04";"Futay-5 (Umbi) 50 X 100 ml (Sample)";"1000-01-01";"-";"237";"237";"0";"Ahmad";"2026-07-04 10:14:24";"17";"2";"assets/qrcode/stockopname/OP_AFORC01_945.png";NULL;"2026-07-04 03:14:24";NULL
"724";"1256";"QKARU01";"Karung OPP Lami 10 kg Qiu Seed";"1000-01-01";"-";"17908";"17908";"0";"Sukma";"2026-07-04 10:14:26";"17";"1";"assets/qrcode/stockopname/OP_QINKA02_1256.png";NULL;"2026-07-04 03:14:26";NULL
"725";"964";"AFUTA6";"Futay-7 (Sayuran Buah) 50 X 100 ml (Sample)";"2029-02-01";"-";"236";"236";"0";"Ahmad";"2026-07-04 10:14:34";"17";"2";"assets/qrcode/stockopname/OP_QFUTA01_964.png";NULL;"2026-07-04 03:14:34";NULL
"726";"324";"QBAGJA01";"Bag Jagung Q235 - 1 kg";"1000-01-01";"-";"46374";"46374";"0";"Sukma";"2026-07-04 10:14:38";"17";"1";"assets/qrcode/stockopname/OP_QATON09_324.png";NULL;"2026-07-04 03:14:38";NULL
"727";"935";"AFUTA03";"Futay-3 (Buah) 50 X 100 ml (Sample)";"1000-01-01";"-";"100";"100";"0";"Ahmad";"2026-07-04 10:14:45";"17";"2";"assets/qrcode/stockopname/OP_QFOLI05_935.png";NULL;"2026-07-04 03:14:45";NULL
"728";"497";"ABOTO05";"Botol Desanto 250 ml";"1000-01-01";"-";"40";"40";"0";"Sukma";"2026-07-04 10:14:52";"17";"1";"assets/qrcode/stockopname/OP_QBML01_497.png";NULL;"2026-07-04 03:14:52";NULL
"729";"3405";"AHERN01";"Hernab 100 EC 1 ltr";"1000-01-01";"-";"4";"4";"0";"Ahmad";"2026-07-04 10:14:58";"17";"2";"assets/qrcode/stockopname/OP_AHERN01_3405.png";NULL;"2026-07-04 03:14:58";NULL
"730";"918";"AFUTA01";"Futay-1 (Padi) 50 X 100 ml KARISMA (Sample)";"1000-01-01";"-";"139";"139";"0";"Ahmad";"2026-07-04 10:15:09";"17";"2";"assets/qrcode/stockopname/OP_QFILI01_918.png";NULL;"2026-07-04 03:15:09";NULL
"731";"496";"ABOTO03";"Botol Desanto 100 ml";"1000-01-01";"-";"61";"61";"0";"Sukma";"2026-07-04 10:15:10";"17";"1";"assets/qrcode/stockopname/OP_QBMJ01_496.png";NULL;"2026-07-04 03:15:10";NULL
"732";"3381";"AGIRA01";"Girat 23.5 BB 50 X 20 gr";"2028-05-01";"-";"200";"200";"0";"Ahmad";"2026-07-04 10:15:24";"17";"2";"assets/qrcode/stockopname/OP_AGIRA01_3381.png";NULL;"2026-07-04 03:15:24";NULL
"733";"2695";"ATUTU08";"Tutup botol desanto 100 ml";"1000-01-01";"-";"107";"107";"0";"Sukma";"2026-07-04 10:15:25";"17";"1";"assets/qrcode/stockopname/OP_QTANG49_2695.png";NULL;"2026-07-04 03:15:25";NULL
"734";"927";"AFUTA02";"Futay-2 (Jagung) 50 X 100 ml (Sample)";"1000-01-01";"-";"116";"116";"0";"Ahmad";"2026-07-04 10:15:36";"17";"2";"assets/qrcode/stockopname/OP_QFLAS02_927.png";NULL;"2026-07-04 03:15:36";NULL
"735";"2698";"ATUTU09";"Tutup Botol Piraklo 250ml (Logo MIA)";"1000-01-01";"-";"108";"108";"0";"Sukma";"2026-07-04 10:15:38";"17";"1";"assets/qrcode/stockopname/OP_ATANG57_2698.png";NULL;"2026-07-04 03:15:38";NULL
"736";"2696";"ATUTU10";"Tutup botol desanto 250 ml";"1000-01-01";"-";"40";"40";"0";"Sukma";"2026-07-04 10:15:49";"17";"1";"assets/qrcode/stockopname/OP_QTANG51_2696.png";NULL;"2026-07-04 03:15:49";NULL
"737";"2668";"ATRIC02";"Trichaderma (Sample)";"1000-01-01";"-";"8";"8";"0";"Ahmad";"2026-07-04 10:15:51";"17";"2";"assets/qrcode/stockopname/OP_QSWIT01_2668.png";NULL;"2026-07-04 03:15:51";NULL
"738";"1604";"AMIKO01";"Mikoriza (Sample)";"1000-01-01";"-";"4";"4";"0";"Ahmad";"2026-07-04 10:15:57";"17";"2";"assets/qrcode/stockopname/OP_QMETA07_1604.png";NULL;"2026-07-04 03:15:57";NULL
"739";"3186";"ZZKAOS266";"Kaos Paket Ampuh";"1000-01-01";"-";"874";"874";"0";"Nila";"2026-07-04 10:16:03";"16";"1";"assets/qrcode/stockopname/OP_ZZKAOS266_3186.png";NULL;"2026-07-04 03:16:03";NULL
"740";"560";"ACALC02";"Calcium Nitrogen Boron (Sample)";"1000-01-01";"-";"4";"4";"0";"Ahmad";"2026-07-04 10:16:04";"17";"2";"assets/qrcode/stockopname/OP_QBUMP02_560.png";NULL;"2026-07-04 03:16:04";NULL
"741";"485";"QBODY01";"Body YT 5L";"1000-01-01";"-";"5";"5";"0";"Sukma";"2026-07-04 10:16:07";"17";"1";"assets/qrcode/stockopname/OP_QBLUE01_485.png";NULL;"2026-07-04 03:16:07";NULL
"742";"954";"AFUTA5";"Futay-6 (Sayur Daun) 50 X 100 ml (Sample)";"1000-01-01";"-";"89";"89";"0";"Ahmad";"2026-07-04 10:16:18";"17";"2";"assets/qrcode/stockopname/OP_QFOST01_954.png";NULL;"2026-07-04 03:16:18";NULL
"743";"1989";"APIPA01";"Pipa Penyemprot 60 cm Star Metal";"1000-01-01";"-";"80";"80";"0";"Sukma";"2026-07-04 10:16:29";"17";"1";"assets/qrcode/stockopname/OP_QPAPA01_1989.png";NULL;"2026-07-04 03:16:29";NULL
"744";"964";"AFUTA6";"Futay-7 (Sayuran Buah) 50 X 100 ml (Sample)";"2029-02-01";"-";"10";"10";"0";"Ahmad";"2026-07-04 10:16:36";"17";"2";"assets/qrcode/stockopname/OP_QFUTA01_964.png";NULL;"2026-07-04 03:16:36";NULL
"745";"3179";"ZZKAOS202";"Kaos Novatec";"1000-01-01";"-";"423";"423";"0";"Nila";"2026-07-04 10:16:39";"16";"1";"assets/qrcode/stockopname/OP_ZZKAOS202_3179.png";NULL;"2026-07-04 03:16:39";NULL
"746";"2571";"ATABU01";"Tabung Pompa Komplit 14 ltr";"1000-01-01";"-";"1";"1";"0";"Sukma";"2026-07-04 10:16:42";"17";"1";"assets/qrcode/stockopname/OP_QSKIE01_2571.png";NULL;"2026-07-04 03:16:42";NULL
"747";"3406";"AEVER12";"Ever Green Asam Humat 40 X 250 ml (Sample)";"2031-06-01";"-";"40";"40";"0";"Ahmad";"2026-07-04 10:17:01";"17";"2";"assets/qrcode/stockopname/OP_AEVER12_3406.png";NULL;"2026-07-04 03:17:01";NULL
"748";"494";"ABORO02";"Borohumic 500 ml";"1000-01-01";"-";"4";"4";"0";"Ahmad";"2026-07-04 10:17:18";"17";"2";"assets/qrcode/stockopname/OP_QBMJ01_494.png";NULL;"2026-07-04 03:17:18";NULL
"749";"2390";"ASELA02";"Selang + Kran Pencet Baru (GA)";"1000-01-01";"-";"2";"2";"0";"Sukma";"2026-07-04 10:17:23";"17";"1";"assets/qrcode/stockopname/OP_QRIZO03_2390.png";NULL;"2026-07-04 03:17:23";NULL
"750";"2121";"APUMP01";"Pump Protection Plate Yamaha";"1000-01-01";"-";"10";"10";"0";"Sukma";"2026-07-04 10:17:33";"17";"1";"assets/qrcode/stockopname/OP_APOLY31_2121.png";NULL;"2026-07-04 03:17:33";NULL
"751";"1457";"AMAGS01";"Magshumat 500 ml";"1000-01-01";"-";"4";"4";"0";"Ahmad";"2026-07-04 10:17:33";"17";"2";"assets/qrcode/stockopname/OP_QLANN08_1457.png";NULL;"2026-07-04 03:17:33";NULL
"752";"1603";"AMICR02";"Microhumic 500 ml";"1000-01-01";"-";"4";"4";"0";"Ahmad";"2026-07-04 10:17:41";"17";"2";"assets/qrcode/stockopname/OP_AMETA06_1603.png";NULL;"2026-07-04 03:17:41";NULL
"753";"1158";"QHAND01";"Handstarter Star Metal";"1000-01-01";"-";"11";"11";"0";"Sukma";"2026-07-04 10:17:46";"17";"1";"assets/qrcode/stockopname/OP_QGLUF03_1158.png";NULL;"2026-07-04 03:17:46";NULL
"754";"570";"ACALS01";"Calshumat 500 ml";"1000-01-01";"-";"4";"4";"0";"Ahmad";"2026-07-04 10:17:47";"17";"2";"assets/qrcode/stockopname/OP_QCABR02_570.png";NULL;"2026-07-04 03:17:47";NULL
"755";"2640";"QTOMB01";"Tombol Regulator";"1000-01-01";"-";"10";"10";"0";"Sukma";"2026-07-04 10:17:56";"17";"1";"assets/qrcode/stockopname/OP_ASTAI01_2640.png";NULL;"2026-07-04 03:17:56";NULL
"756";"2542";"ASTIC01";"Stick / Spindle Body Pc";"1000-01-01";"-";"21";"21";"0";"Sukma";"2026-07-04 10:18:05";"17";"1";"assets/qrcode/stockopname/OP_QSIMO01_2542.png";NULL;"2026-07-04 03:18:05";NULL
"757";"2284";"QRING01";"Ring Biru Plastik Kecil";"1000-01-01";"-";"40";"40";"0";"Sukma";"2026-07-04 10:18:21";"17";"1";"assets/qrcode/stockopname/OP_QQIUS02_2284.png";NULL;"2026-07-04 03:18:21";NULL
"758";"2437";"ASILI01";"Silikamat 500 ml";"1000-01-01";"-";"4";"4";"0";"Ahmad";"2026-07-04 10:18:30";"17";"2";"assets/qrcode/stockopname/OP_QRUMP01_2437.png";NULL;"2026-07-04 03:18:30";NULL
"759";"2524";"ASPUY05";"Spuyer Tunggal / Lancip Star Metal";"1000-01-01";"-";"54";"54";"0";"Sukma";"2026-07-04 10:18:31";"17";"1";"assets/qrcode/stockopname/OP_ASHAL01_2524.png";NULL;"2026-07-04 03:18:31";NULL
"760";"2531";"ASTAI01";"Stainless Steel Clip Yamaha";"1000-01-01";"-";"81";"81";"0";"Sukma";"2026-07-04 10:18:41";"17";"1";"assets/qrcode/stockopname/OP_QSIDA14_2531.png";NULL;"2026-07-04 03:18:41";NULL
"761";"432";"ABION10";"Bionta BSA 100 ml (S)";"1000-01-01";"-";"99";"99";"0";"Ahmad";"2026-07-04 10:18:43";"17";"2";"assets/qrcode/stockopname/OP_ABEST01_432.png";NULL;"2026-07-04 03:18:43";NULL
"762";"1790";"QNOSE03";"Nosel N-02";"1000-01-01";"-";"10";"10";"0";"Sukma";"2026-07-04 10:19:31";"17";"1";"assets/qrcode/stockopname/OP_QMUL112_1790.png";NULL;"2026-07-04 03:19:31";NULL
"763";"2122";"APUPU14";"Pupuk CaCo3 Manohara Sintesis (Sample)";"1000-01-01";"-";"3";"3";"0";"Ahmad";"2026-07-04 10:19:38";"17";"2";"assets/qrcode/stockopname/OP_APOLY32_2122.png";NULL;"2026-07-04 03:19:38";NULL
"764";"1791";"QNOSE04";"Nosel N-06";"1000-01-01";"-";"10";"10";"0";"Sukma";"2026-07-04 10:19:38";"17";"1";"assets/qrcode/stockopname/OP_QMULS37_1791.png";NULL;"2026-07-04 03:19:38";NULL
"765";"2123";"APUPU15";"Pupuk CaCo3 Qiucall Sintesis (Sample)";"1000-01-01";"-";"1";"1";"0";"Ahmad";"2026-07-04 10:19:46";"17";"2";"assets/qrcode/stockopname/OP_APOLY33_2123.png";NULL;"2026-07-04 03:19:46";NULL
"766";"1792";"QNOSE05";"Nosel N-07";"1000-01-01";"-";"10";"10";"0";"Sukma";"2026-07-04 10:19:51";"17";"1";"assets/qrcode/stockopname/OP_QMULS39_1792.png";NULL;"2026-07-04 03:19:51";NULL
"767";"2667";"ATORI01";"Tori 50 WP 5 X 100 gr (Sample)";"1000-01-01";"-";"23";"23";"0";"Ahmad";"2026-07-04 10:19:55";"17";"2";"assets/qrcode/stockopname/OP_ASWAL03_2667.png";NULL;"2026-07-04 03:19:55";NULL
"768";"1280";"AKLEP01";"Klep Kulit 14 ltr Star Metal";"1000-01-01";"-";"78";"78";"0";"Sukma";"2026-07-04 10:20:02";"17";"1";"assets/qrcode/stockopname/OP_QKALI09_1280.png";NULL;"2026-07-04 03:20:02";NULL
"769";"1971";"QPILL01";"Pilly 25 WP 20 gr";"2024-05-01";"-";"105";"105";"0";"Ahmad";"2026-07-04 10:20:07";"17";"2";"assets/qrcode/stockopname/OP_QPAKE02_1971.png";NULL;"2026-07-04 03:20:07";NULL
"770";"3249";"ZZLEMAR01";"Lemari es Aqua 2 pintu";"1000-01-01";"-";"1";"1";"0";"Nila";"2026-07-04 10:20:16";"16";"1";"assets/qrcode/stockopname/OP_ZZLEMAR01_3249.png";NULL;"2026-07-04 03:20:16";NULL
"771";"2573";"QTALI07";"Tali Bahu EDD";"1000-01-01";"-";"10";"10";"0";"Sukma";"2026-07-04 10:20:21";"17";"1";"assets/qrcode/stockopname/OP_QSOFI03_2573.png";NULL;"2026-07-04 03:20:21";NULL
"772";"1778";"ANEOR01";"Neoroot 16 X 250 gr (Sample)";"2025-08-01";"-";"2";"2";"0";"Ahmad";"2026-07-04 10:20:24";"17";"2";"assets/qrcode/stockopname/OP_QMUL102_1778.png";NULL;"2026-07-04 03:20:24";NULL
"773";"3249";"ZZLEMAR01";"Lemari es Aqua 2 pintu";"1000-01-01";"-";"1";"1";"0";"Anam";"2026-07-04 10:20:27";"16";"2";"assets/qrcode/stockopname/OP_ZZLEMAR01_3249.png";NULL;"2026-07-04 03:20:27";NULL
"774";"2575";"QTALI08";"Tali Gendong";"1000-01-01";"-";"10";"10";"0";"Sukma";"2026-07-04 10:20:28";"17";"1";"assets/qrcode/stockopname/OP_QSOFI03_2575.png";NULL;"2026-07-04 03:20:28";NULL
"775";"3390";"ATALI22";"Tali Gendong Sprayer Elektrik Quda Karisma 5 L";"1000-01-01";"-";"9";"9";"0";"Sukma";"2026-07-04 10:20:44";"17";"1";"assets/qrcode/stockopname/OP_ATALI22_3390.png";NULL;"2026-07-04 03:20:44";NULL
"776";"754";"ADONK01";"Donkey 40 WP 100 X 100 gr (sampel)";"2024-07-01";"-";"16";"16";"0";"Ahmad";"2026-07-04 10:20:48";"17";"2";"assets/qrcode/stockopname/OP_QDESA01_754.png";NULL;"2026-07-04 03:20:48";NULL
"777";"1629";"QMONK04";"Monkey 40 SP 100 X 100 gr (Sample)";"2024-06-01";"-";"75";"75";"0";"Ahmad";"2026-07-04 10:20:55";"17";"2";"assets/qrcode/stockopname/OP_QMETI01_1629.png";NULL;"2026-07-04 03:20:55";NULL
"778";"2576";"ATALI07";"Tali Gendong GA";"1000-01-01";"-";"1";"1";"0";"Sukma";"2026-07-04 10:21:16";"17";"1";"assets/qrcode/stockopname/OP_QSOFI02_2576.png";NULL;"2026-07-04 03:21:16";NULL
"779";"1952";"APENT01";"Pentagon 100 ml (Sample)";"1000-01-01";"-";"74";"74";"0";"Ahmad";"2026-07-04 10:21:18";"17";"2";"assets/qrcode/stockopname/OP_QPAKE12_1952.png";NULL;"2026-07-04 03:21:18";NULL
"780";"377";"ABELT02";"Belt Yamaha";"1000-01-01";"-";"9";"9";"0";"Sukma";"2026-07-04 10:21:26";"17";"1";"assets/qrcode/stockopname/OP_QBASR03_377.png";NULL;"2026-07-04 03:21:26";NULL
"781";"1362";"ALABA02";"Laba Hidroponik 142 gr";"1000-01-01";"-";"5";"5";"0";"Ahmad";"2026-07-04 10:21:28";"17";"2";"assets/qrcode/stockopname/OP_QKNO303_1362.png";NULL;"2026-07-04 03:21:28";NULL
"782";"1361";"ALABA01";"Laba Hidroponik 130 gr";"1000-01-01";"-";"6";"6";"0";"Ahmad";"2026-07-04 10:21:39";"17";"2";"assets/qrcode/stockopname/OP_QKNO303_1361.png";NULL;"2026-07-04 03:21:39";NULL
"783";"1181";"AHIPR01";"HiPro Series 13-7-10 Powder 250 gr (Sample)";"1000-01-01";"-";"8";"8";"0";"Ahmad";"2026-07-04 10:21:49";"17";"2";"assets/qrcode/stockopname/OP_QGOLD22_1181.png";NULL;"2026-07-04 03:21:49";NULL
"784";"39";"QACCU06";"Accu Isatech Isa 8-12";"1000-01-01";"-";"3";"3";"0";"Sukma";"2026-07-04 10:21:50";"17";"1";"assets/qrcode/stockopname/OP_QACCU06_39.png";NULL;"2026-07-04 03:21:50";NULL
"785";"40";"AACCU01";"Accu Kayaba Kering 12A - 12 Volt";"1000-01-01";"-";"1";"1";"0";"Sukma";"2026-07-04 10:22:16";"17";"1";"assets/qrcode/stockopname/OP_AACCU01_40.png";NULL;"2026-07-04 03:22:16";NULL
"786";"2532";"ASTAR07";"Starcide 400 EC 100 gr";"1000-01-01";"-";"9";"9";"0";"Ahmad";"2026-07-04 10:22:17";"17";"2";"assets/qrcode/stockopname/OP_QSIDA12_2532.png";NULL;"2026-07-04 03:22:17";NULL
"787";"2230";"ARATC03";"Ratchet 250 EC 100 ml (sampel)";"1000-01-01";"-";"8";"8";"0";"Ahmad";"2026-07-04 10:22:30";"17";"2";"assets/qrcode/stockopname/OP_QPUPU17_2230.png";NULL;"2026-07-04 03:22:30";NULL
"788";"364";"ABATT01";"Battery 12V1, 3AH/20HR";"1000-01-01";"-";"1";"1";"0";"Sukma";"2026-07-04 10:22:31";"17";"1";"assets/qrcode/stockopname/OP_QBASF03_364.png";NULL;"2026-07-04 03:22:31";NULL
"790";"365";"ABAUT01";"Baut Bersayap/Kipas";"1000-01-01";"-";"100";"100";"0";"Sukma";"2026-07-04 10:22:47";"17";"1";"assets/qrcode/stockopname/OP_QBASF03_365.png";NULL;"2026-07-04 03:22:47";NULL
"791";"2003";"APIRI05";"Piribac 400 SC 50 X 100 ml (Sample)";"1000-01-01";"-";"5";"5";"0";"Ahmad";"2026-07-04 10:22:49";"17";"2";"assets/qrcode/stockopname/OP_QPARA02_2003.png";NULL;"2026-07-04 03:22:49";NULL
"792";"2482";"ASPIN01";"Spindle Screw Cap Pc";"1000-01-01";"-";"115";"115";"0";"Sukma";"2026-07-04 10:22:56";"17";"1";"assets/qrcode/stockopname/OP_QSCOR03_2482.png";NULL;"2026-07-04 03:22:56";NULL
"793";"1193";"AIMUN01";"Imuno 20 x 250 ml";"1000-01-01";"-";"8";"8";"0";"Ahmad";"2026-07-04 10:23:03";"17";"2";"assets/qrcode/stockopname/OP_QGREE03_1193.png";NULL;"2026-07-04 03:23:03";NULL
"794";"2783";"AVOLT01";"Volt Meter YEP18";"1000-01-01";"-";"5";"5";"0";"Sukma";"2026-07-04 10:23:07";"17";"1";"assets/qrcode/stockopname/OP_QTRIP06_2783.png";NULL;"2026-07-04 03:23:07";NULL
"795";"2151";"AQIUA02";"Qiuasri Bunga Buah 250 ml (Sample)";"2026-11-01";"-";"5";"5";"0";"Ahmad";"2026-07-04 10:23:11";"17";"2";"assets/qrcode/stockopname/OP_QPOWE04_2151.png";NULL;"2026-07-04 03:23:11";NULL
"796";"2699";"ATUTU04";"Tutup Sprayer GA";"1000-01-01";"-";"9";"9";"0";"Sukma";"2026-07-04 10:23:14";"17";"1";"assets/qrcode/stockopname/OP_ATANG65_2699.png";NULL;"2026-07-04 03:23:14";NULL
"797";"734";"ADEWA01";"Dewa Dewi 250 ml";"2023-10-01";"-";"3";"3";"0";"Ahmad";"2026-07-04 10:23:18";"17";"2";"assets/qrcode/stockopname/OP_QDEKA04_734.png";NULL;"2026-07-04 03:23:18";NULL
"798";"755";"ADOUB01";"Double Nozzle Yamaha";"1000-01-01";"-";"60";"60";"0";"Sukma";"2026-07-04 10:23:22";"17";"1";"assets/qrcode/stockopname/OP_QDESA01_755.png";NULL;"2026-07-04 03:23:22";NULL
"799";"264";"AASAM01";"Asam Amino (Sample)";"1000-01-01";"-";"7";"7";"0";"Ahmad";"2026-07-04 10:23:28";"17";"2";"assets/qrcode/stockopname/OP_QANTR05_264.png";NULL;"2026-07-04 03:23:28";NULL
"800";"1313";"AKONE01";"Konektor Nosel Tutup";"1000-01-01";"-";"40";"40";"0";"Sukma";"2026-07-04 10:23:34";"17";"1";"assets/qrcode/stockopname/OP_QKARI01_1313.png";NULL;"2026-07-04 03:23:34";NULL
"801";"186";"AAMIN04";"Aminosong Mango 500 ml (Sample)";"2029-02-01";"-";"4";"4";"0";"Ahmad";"2026-07-04 10:23:43";"17";"2";"assets/qrcode/stockopname/OP_CAMCO01_186.png";NULL;"2026-07-04 03:23:43";NULL
"802";"1239";"QKARB01";"Karburator Star Metal";"1000-01-01";"-";"5";"5";"0";"Sukma";"2026-07-04 10:23:44";"17";"1";"assets/qrcode/stockopname/OP_QHEXA05_1239.png";NULL;"2026-07-04 03:23:44";NULL
"803";"1215";"AJET 01";"Jet Stik Sprayer";"1000-01-01";"-";"8";"8";"0";"Sukma";"2026-07-04 10:23:51";"17";"1";"assets/qrcode/stockopname/OP_QGWVI01_1215.png";NULL;"2026-07-04 03:23:51";NULL
"804";"753";"ADONE01";"Done 200 EC 4 X 25 X 100 ml (S)";"1000-01-01";"-";"15";"15";"0";"Ahmad";"2026-07-04 10:23:53";"17";"2";"assets/qrcode/stockopname/OP_QDESA01_753.png";NULL;"2026-07-04 03:23:53";NULL
"805";"1939";"QPELA01";"Pelatuk S-04";"1000-01-01";"-";"9";"9";"0";"Sukma";"2026-07-04 10:23:59";"17";"1";"assets/qrcode/stockopname/OP_QORIO01_1939.png";NULL;"2026-07-04 03:23:59";NULL
"806";"2358";"ASARI02";"Saringan Tangki Star Metal";"1000-01-01";"-";"3";"3";"0";"Sukma";"2026-07-04 10:24:16";"17";"1";"assets/qrcode/stockopname/OP_QREGE03_2358.png";NULL;"2026-07-04 03:24:16";NULL
"807";"1689";"AMULS52";"Mulsa Lembaran 03 X 60 cm (Sample)";"1000-01-01";"-";"2";"2";"0";"Ahmad";"2026-07-04 10:24:19";"17";"2";"assets/qrcode/stockopname/OP_QMKP01_1689.png";NULL;"2026-07-04 03:24:19";NULL
"808";"2703";"ATUTU03";"Tutup Tangki Babel Star Metal";"1000-01-01";"-";"9";"9";"0";"Sukma";"2026-07-04 10:24:24";"17";"1";"assets/qrcode/stockopname/OP_QTANG55_2703.png";NULL;"2026-07-04 03:24:24";NULL
"809";"1688";"AMULS53";"Mulsa lembaran 025 X 50 cm (Sample)";"1000-01-01";"-";"2";"2";"0";"Ahmad";"2026-07-04 10:24:29";"17";"2";"assets/qrcode/stockopname/OP_QMKP01_1688.png";NULL;"2026-07-04 03:24:29";NULL
"810";"2388";"ASEAL01";"Sealing Gasket Yamaha";"1000-01-01";"-";"20";"20";"0";"Sukma";"2026-07-04 10:24:34";"17";"1";"assets/qrcode/stockopname/OP_QRIZO02_2388.png";NULL;"2026-07-04 03:24:34";NULL
"811";"389";"ABENT04";"Bentpipe No. 45";"1000-01-01";"-";"8";"8";"0";"Sukma";"2026-07-04 10:24:41";"17";"1";"assets/qrcode/stockopname/OP_ABAUT02_389.png";NULL;"2026-07-04 03:24:41";NULL
"812";"2481";"ASPIE01";"Spie Pen";"1000-01-01";"-";"24";"24";"0";"Sukma";"2026-07-04 10:24:50";"17";"1";"assets/qrcode/stockopname/OP_QSCOR03_2481.png";NULL;"2026-07-04 03:24:50";NULL
"813";"2036";"APOLY32";"Polybag Korma 15 X 15 X 005 (Sample)";"1000-01-01";"-";"2";"2";"0";"Ahmad";"2026-07-04 10:24:50";"17";"2";"assets/qrcode/stockopname/OP_QPENT03_2036.png";NULL;"2026-07-04 03:24:50";NULL
"814";"2521";"ASPUY01";"Spuyer L 3";"1000-01-01";"-";"1";"1";"0";"Sukma";"2026-07-04 10:24:57";"17";"1";"assets/qrcode/stockopname/OP_QSEVI03_2521.png";NULL;"2026-07-04 03:24:57";NULL
"815";"2038";"APOLY34";"Polybag Korma 25 X 30 X 006 (Sample)";"1000-01-01";"-";"1";"1";"0";"Ahmad";"2026-07-04 10:25:03";"17";"2";"assets/qrcode/stockopname/OP_APENT03_2038.png";NULL;"2026-07-04 03:25:03";NULL
"816";"2522";"ASPUY03";"Spuyer L 8";"1000-01-01";"-";"1";"1";"0";"Sukma";"2026-07-04 10:25:03";"17";"1";"assets/qrcode/stockopname/OP_QSEVI03_2522.png";NULL;"2026-07-04 03:25:03";NULL
"817";"367";"ABAUT03";"Baut Kupu-Kupu";"1000-01-01";"-";"6";"6";"0";"Sukma";"2026-07-04 10:25:11";"17";"1";"assets/qrcode/stockopname/OP_QBASG01_367.png";NULL;"2026-07-04 03:25:11";NULL
"818";"2035";"APOLY31";"Polybag Korma 10 X 15 X 004 (Sample)";"1000-01-01";"-";"2";"2";"0";"Ahmad";"2026-07-04 10:25:11";"17";"2";"assets/qrcode/stockopname/OP_QPENT02_2035.png";NULL;"2026-07-04 03:25:11";NULL
"819";"366";"ABAUT02";"Baut Bintang 17 Lt";"1000-01-01";"-";"18";"18";"0";"Sukma";"2026-07-04 10:25:18";"17";"1";"assets/qrcode/stockopname/OP_QBASF01_366.png";NULL;"2026-07-04 03:25:18";NULL
"820";"2037";"APOLY33";"Polybag Korma 20 X 20 X 006 (Sample)";"1000-01-01";"-";"2";"2";"0";"Ahmad";"2026-07-04 10:25:19";"17";"2";"assets/qrcode/stockopname/OP_APENT01_2037.png";NULL;"2026-07-04 03:25:19";NULL
"821";"2039";"APOLY35";"Polybag Korma 30 X 30 X 008 (Sample)";"1000-01-01";"-";"1";"1";"0";"Ahmad";"2026-07-04 10:25:25";"17";"2";"assets/qrcode/stockopname/OP_APENT02_2039.png";NULL;"2026-07-04 03:25:25";NULL
"822";"538";"QBUSI01";"Busi Star Metal";"1000-01-01";"-";"5";"5";"0";"Sukma";"2026-07-04 10:25:26";"17";"1";"assets/qrcode/stockopname/OP_QBRAU03_538.png";NULL;"2026-07-04 03:25:26";NULL
"823";"2040";"APOLY36";"Polybag Korma 35 X 35 X 008 (Sample)";"1000-01-01";"-";"1";"1";"0";"Ahmad";"2026-07-04 10:25:31";"17";"2";"assets/qrcode/stockopname/OP_QPERO03_2040.png";NULL;"2026-07-04 03:25:31";NULL
"824";"2041";"APOLY37";"Polybag Korma 40 X 40 X 010 (Sample)";"1000-01-01";"-";"1";"1";"0";"Ahmad";"2026-07-04 10:25:38";"17";"2";"assets/qrcode/stockopname/OP_QPERO02_2041.png";NULL;"2026-07-04 03:25:38";NULL
"825";"2062";"APOWE02";"Power On/Off YEP 18";"1000-01-01";"-";"15";"15";"0";"Sukma";"2026-07-04 10:25:39";"17";"1";"assets/qrcode/stockopname/OP_QPINA15_2062.png";NULL;"2026-07-04 03:25:39";NULL
"826";"2042";"APOLY38";"Polybag Korma 45 X 45 X 010 (Sample)";"1000-01-01";"-";"1";"1";"0";"Ahmad";"2026-07-04 10:25:47";"17";"2";"assets/qrcode/stockopname/OP_QPERO02_2042.png";NULL;"2026-07-04 03:25:47";NULL
"827";"843";"AFAN01";"Fan Nozzle";"1000-01-01";"-";"25";"25";"0";"Sukma";"2026-07-04 10:25:47";"17";"1";"assets/qrcode/stockopname/OP_QEMAP03_843.png";NULL;"2026-07-04 03:25:47";NULL
"828";"2043";"APOLY39";"Polybag Korma 50 X 50 X 010 (Sample)";"1000-01-01";"-";"1";"1";"0";"Ahmad";"2026-07-04 10:25:56";"17";"2";"assets/qrcode/stockopname/OP_QPERO02_2043.png";NULL;"2026-07-04 03:25:56";NULL
"829";"2775";"AVIST04";"Vista 400 SL 100 ml (Sample)";"1000-01-01";"-";"36";"36";"0";"Ahmad";"2026-07-04 10:26:19";"17";"2";"assets/qrcode/stockopname/OP_QTOPS02_2775.png";NULL;"2026-07-04 03:26:19";NULL
"830";"2577";"ATALI01";"Tali Gendong Hijau Star Metal";"1000-01-01";"-";"28";"28";"0";"Sukma";"2026-07-04 10:26:22";"17";"1";"assets/qrcode/stockopname/OP_QSOFI02_2577.png";NULL;"2026-07-04 03:26:22";NULL
"831";"259";"AARMA01";"Arma 52 WP 20 X 500 gr (Sample)";"2025-07-01";"-";"7";"7";"0";"Ahmad";"2026-07-04 10:26:28";"17";"2";"assets/qrcode/stockopname/OP_QANET08_259.png";NULL;"2026-07-04 03:26:28";NULL
"832";"2287";"ARING03";"Ring Penyokong 17 ltr Star Metal";"1000-01-01";"-";"95";"95";"0";"Sukma";"2026-07-04 10:26:35";"17";"1";"assets/qrcode/stockopname/OP_QQIUS01_2287.png";NULL;"2026-07-04 03:26:35";NULL
"835";"1150";"AGWSA01";"GW Sanilan 12 X 998 ml";"1000-01-01";"-";"21";"21";"0";"Ahmad";"2026-07-04 10:27:00";"17";"2";"assets/qrcode/stockopname/OP_QGLOV03_1150.png";NULL;"2026-07-04 03:27:00";NULL
"836";"1281";"AKLEP02";"Klep Kulit 17 ltr Star Metal";"1000-01-01";"-";"100";"100";"0";"Sukma";"2026-07-04 10:27:29";"17";"1";"assets/qrcode/stockopname/OP_QKALI09_1281.png";NULL;"2026-07-04 03:27:29";NULL
"837";"2726";"AUNIS01";"Unista 100 SC 40 X 250 ml (Sample)";"2026-06-01";"-";"9";"9";"0";"Ahmad";"2026-07-04 10:27:29";"17";"2";"assets/qrcode/stockopname/OP_QTHRI01_2726.png";NULL;"2026-07-04 03:27:29";NULL
"838";"1941";"QPELA02";"Pelatuk/Trigger";"1000-01-01";"-";"15";"15";"0";"Sukma";"2026-07-04 10:27:37";"17";"1";"assets/qrcode/stockopname/OP_QORON01_1941.png";NULL;"2026-07-04 03:27:37";NULL
"839";"1475";"AMANO02";"Manohara 250 gr";"1000-01-01";"-";"4";"4";"0";"Ahmad";"2026-07-04 10:27:38";"17";"2";"assets/qrcode/stockopname/OP_QLENA03_1475.png";NULL;"2026-07-04 03:27:38";NULL
"840";"1180";"AHIJA01";"Hijau 250 ml";"2023-10-01";"-";"4";"4";"0";"Ahmad";"2026-07-04 10:27:46";"17";"2";"assets/qrcode/stockopname/OP_QGOLD12_1180.png";NULL;"2026-07-04 03:27:46";NULL
"841";"2286";"ARING02";"Ring Penyokong 14 ltr Star Metal";"1000-01-01";"-";"90";"90";"0";"Sukma";"2026-07-04 10:27:51";"17";"1";"assets/qrcode/stockopname/OP_QQIUS01_2286.png";NULL;"2026-07-04 03:27:51";NULL
"842";"910";"AFORT01";"Fortune 250 ml";"2023-09-01";"-";"5";"5";"0";"Ahmad";"2026-07-04 10:27:56";"17";"2";"assets/qrcode/stockopname/OP_QFENV04_910.png";NULL;"2026-07-04 03:27:56";NULL
"843";"2400";"QSELA02";"Selang YT 4L, 5L, 7L & 9L";"1000-01-01";"-";"40";"40";"0";"Sukma";"2026-07-04 10:28:05";"17";"1";"assets/qrcode/stockopname/OP_QROUN01_2400.png";NULL;"2026-07-04 03:28:05";NULL
"844";"1630";"AMONT01";"Montana 230 EC 50 X 100 ml (sampel)";"1000-01-01";"-";"9";"9";"0";"Ahmad";"2026-07-04 10:28:06";"17";"2";"assets/qrcode/stockopname/OP_QMETI01_1630.png";NULL;"2026-07-04 03:28:06";NULL
"845";"2479";"ASORE01";"Sorexin 100 SC 250 ml (Sample)";"1000-01-01";"-";"1";"1";"0";"Ahmad";"2026-07-04 10:28:14";"17";"2";"assets/qrcode/stockopname/OP_QSCOR03_2479.png";NULL;"2026-07-04 03:28:14";NULL
"846";"598";"ACHAR03";"Charger Tangki Excel 16 ltr";"1000-01-01";"-";"1";"1";"0";"Sukma";"2026-07-04 10:28:16";"17";"1";"assets/qrcode/stockopname/OP_QCALI02_598.png";NULL;"2026-07-04 03:28:16";NULL
"847";"2469";"ASNOW01";"Snowden 30 EC 100 ml (sampel)";"1000-01-01";"-";"7";"7";"0";"Ahmad";"2026-07-04 10:28:21";"17";"2";"assets/qrcode/stockopname/OP_QSATU02_2469.png";NULL;"2026-07-04 03:28:21";NULL
"848";"738";"QDINA01";"Dinamo Yoto Elektrik 16 ltr";"1000-01-01";"-";"12";"12";"0";"Sukma";"2026-07-04 10:28:26";"17";"1";"assets/qrcode/stockopname/OP_QDEKA04_738.png";NULL;"2026-07-04 03:28:26";NULL
"849";"1953";"APENT03";"Pentagon 50 ml (Sample)";"1000-01-01";"-";"48";"48";"0";"Ahmad";"2026-07-04 10:28:31";"17";"2";"assets/qrcode/stockopname/OP_QPAKE12_1953.png";NULL;"2026-07-04 03:28:31";NULL
"850";"737";"ADINA01";"Dinamo Yama Power 16 ltr";"1000-01-01";"-";"4";"4";"0";"Sukma";"2026-07-04 10:28:35";"17";"1";"assets/qrcode/stockopname/OP_QDEKA04_737.png";NULL;"2026-07-04 03:28:35";NULL
"851";"2391";"ASELA10";"Selang Drip 010 X 4 X 100 HTM @0.7kg/rol (sample)";"1000-01-01";"-";"1";"1";"0";"Ahmad";"2026-07-04 10:28:48";"17";"2";"assets/qrcode/stockopname/OP_QROBU02_2391.png";NULL;"2026-07-04 03:28:48";NULL
"852";"736";"ADINA02";"Dinamo Basata Electrik";"1000-01-01";"-";"1";"1";"0";"Sukma";"2026-07-04 10:28:48";"17";"1";"assets/qrcode/stockopname/OP_QDEKA04_736.png";NULL;"2026-07-04 03:28:48";NULL
"853";"2395";"ASELA09";"Selang Drip 05 X 4 X 300 HTM @0.8kg/rol (sample)";"1000-01-01";"-";"1";"1";"0";"Ahmad";"2026-07-04 10:28:58";"17";"2";"assets/qrcode/stockopname/OP_QROTR01_2395.png";NULL;"2026-07-04 03:28:58";NULL
"854";"2393";"ASELA12";"Selang Drip 015 X 4 X 100 HTM @1.2kg/rol (sample)";"1000-01-01";"-";"1";"1";"0";"Ahmad";"2026-07-04 10:29:08";"17";"2";"assets/qrcode/stockopname/OP_QROTR01_2393.png";NULL;"2026-07-04 03:29:08";NULL
"855";"2392";"ASELA11";"Selang Drip 010 X 4 X 200 HTM @1.4kg/rol (sample)";"1000-01-01";"-";"1";"1";"0";"Ahmad";"2026-07-04 10:29:17";"17";"2";"assets/qrcode/stockopname/OP_QROBU01_2392.png";NULL;"2026-07-04 03:29:17";NULL
"856";"2396";"ASELA08";"Selang Drip 05 X 4 X 90 HTM @0.24kg/rol (sample)";"1000-01-01";"-";"1";"1";"0";"Ahmad";"2026-07-04 10:29:30";"17";"2";"assets/qrcode/stockopname/OP_QROTR01_2396.png";NULL;"2026-07-04 03:29:30";NULL
"857";"2394";"ASELA13";"Selang Drip 015 X 4 X 200 HTM @2.4kg/rol (sample)";"1000-01-01";"-";"1";"1";"0";"Ahmad";"2026-07-04 10:29:40";"17";"2";"assets/qrcode/stockopname/OP_QROTR01_2394.png";NULL;"2026-07-04 03:29:40";NULL
"858";"3389";"AREAD02";"Reader-x 100 gr";"1000-01-01";"-";"30";"30";"0";"Ahmad";"2026-07-04 10:29:48";"17";"2";"assets/qrcode/stockopname/OP_AREAD02_3389.png";NULL;"2026-07-04 03:29:48";NULL
"859";"2128";"APUPU25";"Pupuk Humiflex (Sample)";"1000-01-01";"-";"1";"1";"0";"Ahmad";"2026-07-04 10:29:56";"17";"2";"assets/qrcode/stockopname/OP_APOLY38_2128.png";NULL;"2026-07-04 03:29:56";NULL
"860";"433";"ABION11";"Bionta45 250 ml (Sample)";"1000-01-01";"-";"2";"2";"0";"Ahmad";"2026-07-04 10:30:15";"17";"2";"assets/qrcode/stockopname/OP_QBESV01_433.png";NULL;"2026-07-04 03:30:15";NULL
"861";"2051";"APOTT07";"Pot Tray 32 (Sample)";"1000-01-01";"-";"1";"1";"0";"Ahmad";"2026-07-04 10:30:35";"17";"2";"assets/qrcode/stockopname/OP_QPILA06_2051.png";NULL;"2026-07-04 03:30:35";NULL
"862";"2052";"APOTT06";"Pot Tray 50 (Sample)";"1000-01-01";"-";"1";"1";"0";"Ahmad";"2026-07-04 10:30:41";"17";"2";"assets/qrcode/stockopname/OP_QPILA06_2052.png";NULL;"2026-07-04 03:30:41";NULL
"863";"2053";"APOTT08";"Pot Tray 72 (Sample)";"1000-01-01";"-";"1";"1";"0";"Ahmad";"2026-07-04 10:30:50";"17";"2";"assets/qrcode/stockopname/OP_QPILA09_2053.png";NULL;"2026-07-04 03:30:50";NULL
"864";"2507";"QSPRA41";"Sprayer Elektrik Quda Karisma 10 L 1 X 6 pcs";"1000-01-01";"-";"6";"6";"0";"Sukma";"2026-07-04 10:30:51";"17";"1";"assets/qrcode/stockopname/OP_QSELT02_2507.png";NULL;"2026-07-04 03:30:51";NULL
"865";"2054";"APOTT12";"Pot Tray 98 (Sample)";"1000-01-01";"-";"1";"1";"0";"Ahmad";"2026-07-04 10:30:57";"17";"2";"assets/qrcode/stockopname/OP_QPILA08_2054.png";NULL;"2026-07-04 03:30:57";NULL
"866";"3332";"QPASS02";"Passxone 276 SL 4 X 5 ltr";"2031-05-01";"-";"4";"4";"0";"Sukma";"2026-07-04 10:31:04";"17";"1";"assets/qrcode/stockopname/OP_QPASS02_3332.png";NULL;"2026-07-04 03:31:04";NULL
"867";"2048";"APOTT09";"Pot Tray 105 (Sample)";"1000-01-01";"-";"1";"1";"0";"Ahmad";"2026-07-04 10:31:04";"17";"2";"assets/qrcode/stockopname/OP_APHEN01_2048.png";NULL;"2026-07-04 03:31:04";NULL
"868";"2049";"APOTT10";"Pot Tray 128 (Sample)";"1000-01-01";"-";"1";"1";"0";"Ahmad";"2026-07-04 10:31:10";"17";"2";"assets/qrcode/stockopname/OP_QPILA10_2049.png";NULL;"2026-07-04 03:31:10";NULL
"869";"2050";"APOTT11";"Pot Tray 200 (Sample)";"1000-01-01";"-";"1";"1";"0";"Ahmad";"2026-07-04 10:31:17";"17";"2";"assets/qrcode/stockopname/OP_QPILA07_2050.png";NULL;"2026-07-04 03:31:17";NULL
"870";"1577";"QMETI07";"Metindo 40 SP 40 X 400 gr";"2030-12-01";"-";"120";"120";"0";"Sukma";"2026-07-04 10:31:23";"17";"1";"assets/qrcode/stockopname/OP_QMEGA12_1577.png";NULL;"2026-07-04 03:31:23";NULL
"871";"1784";"ANEWN01";"New Naptalin (Sample)";"1000-01-01";"-";"1";"1";"0";"Ahmad";"2026-07-04 10:31:24";"17";"2";"assets/qrcode/stockopname/OP_QMUL07_1784.png";NULL;"2026-07-04 03:31:24";NULL
"872";"179";"AAMIC01";"Amichlor 400 EC 100 ml";"1000-01-01";"-";"11";"11";"0";"Ahmad";"2026-07-04 10:31:31";"17";"2";"assets/qrcode/stockopname/OP_QAMBE01_179.png";NULL;"2026-07-04 03:31:31";NULL
"873";"3334";"QTANG52";"Tangki Swan 16 ltr F (BTR) Kuningan";"1000-01-01";"-";"1";"1";"0";"Sukma";"2026-07-04 10:31:39";"17";"1";"assets/qrcode/stockopname/OP_QTANG52_3334.png";NULL;"2026-07-04 03:31:39";NULL
"874";"2157";"AQIUA04";"Qiuasri Padi 250 ml (Sample)";"2026-11-01";"-";"5";"5";"0";"Ahmad";"2026-07-04 10:31:42";"17";"2";"assets/qrcode/stockopname/OP_QPREV02_2157.png";NULL;"2026-07-04 03:31:42";NULL
"875";"2152";"AQIUA03";"Qiuasri Cabai 250 ml (Sample)";"2026-11-01";"-";"5";"5";"0";"Ahmad";"2026-07-04 10:31:50";"17";"2";"assets/qrcode/stockopname/OP_QPREV01_2152.png";NULL;"2026-07-04 03:31:50";NULL
"876";"2150";"AQIUA05";"Qiuasri Bawang Merah 250 ml (Sample)";"2026-11-01";"-";"5";"5";"0";"Ahmad";"2026-07-04 10:31:57";"17";"2";"assets/qrcode/stockopname/OP_APOWE02_2150.png";NULL;"2026-07-04 03:31:57";NULL
"877";"427";"CBION01";"Bionik 400 EC 20 X 500 ml";"2031-05-01";"-";"20";"20";"0";"Sukma";"2026-07-04 10:31:57";"17";"1";"assets/qrcode/stockopname/OP_QBEST06_427.png";NULL;"2026-07-04 03:31:57";NULL
"878";"256";"AARIZ01";"Arizona 55 EC 80 ml (Sample)";"1000-01-01";"-";"13";"13";"0";"Ahmad";"2026-07-04 10:32:13";"17";"2";"assets/qrcode/stockopname/OP_QANET04_256.png";NULL;"2026-07-04 03:32:13";NULL
"879";"1950";"QPENT02";"Penta Up-Z 480 SL 20 X 1 ltr + 1 pack Penta-Furon 5 gr";"2030-11-01";"-";"20";"20";"0";"Sukma";"2026-07-04 10:32:20";"17";"1";"assets/qrcode/stockopname/OP_QPAKE17_1950.png";NULL;"2026-07-04 03:32:20";NULL
"880";"1186";"AILUT01";"I-Lu Tol 100ml (Sample)";"1000-01-01";"-";"4";"4";"0";"Ahmad";"2026-07-04 10:32:21";"17";"2";"assets/qrcode/stockopname/OP_QGRAN06_1186.png";NULL;"2026-07-04 03:32:21";NULL
"881";"1187";"AISAD01";"I-Sad 250 ml (Sample)";"1000-01-01";"-";"3";"3";"0";"Ahmad";"2026-07-04 10:32:26";"17";"2";"assets/qrcode/stockopname/OP_QGRAN06_1187.png";NULL;"2026-07-04 03:32:26";NULL
"882";"856";"QFENV01";"Fenval 200 EC 15 X 1 ltr";"2031-01-01";"-";"1";"1";"0";"Sukma";"2026-07-04 10:32:34";"17";"1";"assets/qrcode/stockopname/OP_QETHR02_856.png";NULL;"2026-07-04 03:32:34";NULL
"883";"1185";"AIABA01";"I-Aba SP 250 ml (Sample)";"1000-01-01";"-";"3";"3";"0";"Ahmad";"2026-07-04 10:32:35";"17";"2";"assets/qrcode/stockopname/OP_QGRAN02_1185.png";NULL;"2026-07-04 03:32:35";NULL
"884";"1432";"QLUDE02";"Ludes 50 EC 30 X 250 ml";"2028-10-01";"-";"30";"30";"0";"Sukma";"2026-07-04 10:32:55";"17";"1";"assets/qrcode/stockopname/OP_QLANC01_1432.png";NULL;"2026-07-04 03:32:55";NULL
"885";"1511";"AMEGA09";"Megaloman 30 EC 20 X 400 ml (Sample)";"2028-09-01";"-";"1";"1";"0";"Ahmad";"2026-07-04 10:33:02";"17";"2";"assets/qrcode/stockopname/OP_QMAES02_1511.png";NULL;"2026-07-04 03:33:02";NULL
"886";"1908";"APAPA01";"Papandayan 486 SL 20 X 1 ltr";"2030-11-01";"-";"20";"20";"0";"Sukma";"2026-07-04 10:33:09";"17";"1";"assets/qrcode/stockopname/OP_QNPKN07_1908.png";NULL;"2026-07-04 03:33:09";NULL
"887";"903";"AFORC01";"Force 20/100 SC 100 X 100 ml (Sample)";"2030-06-01";"-";"10";"10";"0";"Ahmad";"2026-07-04 10:33:09";"17";"2";"assets/qrcode/stockopname/OP_QFENV03_903.png";NULL;"2026-07-04 03:33:09";NULL
"888";"2744";"AVENT01";"Ventory 865 SL 400 gr";"2010-10-01";"-";"1";"1";"0";"Ahmad";"2026-07-04 10:33:17";"17";"2";"assets/qrcode/stockopname/OP_QTIEZ02_2744.png";NULL;"2026-07-04 03:33:17";NULL
"890";"2774";"QVISH01";"Vishaka 200 EC 20 X 500 ml";"2028-12-01";"-";"46";"46";"0";"Sukma";"2026-07-04 10:33:25";"17";"1";"assets/qrcode/stockopname/OP_QTOPS02_2774.png";NULL;"2026-07-04 03:33:25";NULL
"891";"3333";"QMULS21";"Mulsa Karisma 60 cm / 20 kg (Roll)";"1000-01-01";"-";"1";"1";"0";"Sukma";"2026-07-04 10:33:34";"17";"1";"assets/qrcode/stockopname/OP_QMULS21_3333.png";NULL;"2026-07-04 03:33:34";NULL
"892";"2718";"AUNIH01";"Unihit 100/20 SC 100 X 100 ml (Sample)";"2026-06-01";"-";"80";"80";"0";"Ahmad";"2026-07-04 10:33:36";"17";"2";"assets/qrcode/stockopname/OP_QTERM01_2718.png";NULL;"2026-07-04 03:33:36";NULL
"893";"1871";"APAGA01";"Pagar Tikus Sawah 45 m x 60 cm";"1000-01-01";"-";"1";"1";"0";"Ahmad";"2026-07-04 10:33:51";"17";"2";"assets/qrcode/stockopname/OP_QNOST05_1871.png";NULL;"2026-07-04 03:33:51";NULL
"894";"2218";"QQIUV15";"Qiuvita Merah 16.11.32 100 X 100 gr (Sample)";"2024-11-01";"-";"2305";"2305";"0";"Sukma";"2026-07-04 10:34:43";"17";"1";"assets/qrcode/stockopname/OP_APUPU25_2218.png";NULL;"2026-07-04 03:34:43";NULL
"896";"2196";"QQIUV11";"Qiuvita Biru 16.32.16 100 X 100 gr (Sample)";"2023-07-01";"-";"1040";"1040";"0";"Sukma";"2026-07-04 10:36:07";"17";"1";"assets/qrcode/stockopname/OP_QPRIM32_2196.png";NULL;"2026-07-04 03:36:07";NULL
"897";"1606";"QMINE02";"Minecto Xtra 200/200 SC 50 X 100 ml";"2025-10-01";"-";"3150";"0";"63";"Ahmad";"2026-07-04 10:36:19";"17";"2";"assets/qrcode/stockopname/OP_QMETA07_1606.png";NULL;"2026-07-04 03:36:19";NULL
"898";"1825";"ANPKD08";"NPK Dinar 15-9-20 25 kg";"1000-01-01";"-";"1";"1";"0";"Sukma";"2026-07-04 10:36:23";"17";"1";"assets/qrcode/stockopname/OP_QNATI02_1825.png";NULL;"2026-07-04 03:36:23";NULL
"899";"1605";"QMINE01";"Minecto Xtra 200/200 SC 100 X 50 ml";"2025-10-01";"-";"3";"3";"0";"Sukma";"2026-07-04 10:36:35";"17";"1";"assets/qrcode/stockopname/OP_QMETA07_1605.png";NULL;"2026-07-04 03:36:35";NULL
"900";"2818";"AYOTO01";"Yoto Perfume Spray 118 X 120 ml";"2023-11-01";"-";"91";"91";"0";"Sukma";"2026-07-04 10:36:48";"17";"1";"assets/qrcode/stockopname/OP_QULTR01_2818.png";NULL;"2026-07-04 03:36:48";NULL
"901";"1605";"QMINE01";"Minecto Xtra 200/200 SC 100 X 50 ml";"2025-10-01";"-";"500";"0";"5";"Ahmad";"2026-07-04 10:36:56";"17";"2";"assets/qrcode/stockopname/OP_QMETA07_1605.png";NULL;"2026-07-04 03:36:56";NULL
"902";"2211";"QQIUV16";"Qiuvita Hijau 32.11.11 100 X 100 gr (Sample)";"2024-11-01";"-";"1249";"1249";"0";"Sukma";"2026-07-04 10:37:10";"17";"1";"assets/qrcode/stockopname/OP_APUMP01_2211.png";NULL;"2026-07-04 03:37:10";NULL
"903";"2210";"QQIUV16";"Qiuvita Hijau 32.11.11 100 X 100 gr (Sample)";"2024-10-01";"-";"541";"541";"0";"Sukma";"2026-07-04 10:37:26";"17";"1";"assets/qrcode/stockopname/OP_QPROG02_2210.png";NULL;"2026-07-04 03:37:26";NULL
"904";"2315";"AROUN03";"Round Up 486 SL 4 X 4 ltr";"2031-04-01";"-";"16";"16";"0";"Sukma";"2026-07-04 10:38:10";"17";"1";"assets/qrcode/stockopname/OP_QQIUV06_2315.png";NULL;"2026-07-04 03:38:10";NULL
"905";"2370";"QSATU02";"Saturn Plus 20 X 500 ml";"2029-04-01";"-";"60";"60";"0";"Sukma";"2026-07-04 10:38:23";"17";"1";"assets/qrcode/stockopname/OP_QRIDO02_2370.png";NULL;"2026-07-04 03:38:23";NULL
"906";"2371";"QSATU02";"Saturn Plus 20 X 500 ml";"2029-11-01";"-";"20";"20";"0";"Sukma";"2026-07-04 10:38:34";"17";"1";"assets/qrcode/stockopname/OP_QRIDO03_2371.png";NULL;"2026-07-04 03:38:34";NULL
"907";"261";"QARME01";"Armeira 30 WG 10 X 20 X 50 gr";"2025-10-01";"-";"20800";"0";"104";"Ahmad";"2026-07-04 10:39:04";"17";"2";"assets/qrcode/stockopname/OP_QANTR01_261.png";NULL;"2026-07-04 03:39:04";NULL
"908";"260";"QARME01";"Armeira 30 WG 10 X 20 X 50 gr";"2025-06-01";"-";"1000";"0";"5";"Ahmad";"2026-07-04 10:39:12";"17";"2";"assets/qrcode/stockopname/OP_QANET08_260.png";NULL;"2026-07-04 03:39:12";NULL
"909";"2046";"APOP01";"Popzole 525 SE 48 X 240 ml";"2026-08-01";"-";"48";"0";"1";"Ahmad";"2026-07-04 10:39:22";"17";"2";"assets/qrcode/stockopname/OP_APESN01_2046.png";NULL;"2026-07-04 03:39:22";NULL
"910";"644";"ACURA01";"Curacron 500 EC 20 X 500 ml";"2027-03-01";"-";"80";"80";"0";"Sukma";"2026-07-04 10:39:31";"17";"1";"assets/qrcode/stockopname/OP_QCLIN02_644.png";NULL;"2026-07-04 03:39:31";NULL
"911";"2669";"QTRIG01";"Trigard 75 WP 10 X 10 X 50 gr";"2026-05-01";"-";"1100";"0";"11";"Ahmad";"2026-07-04 10:40:08";"17";"2";"assets/qrcode/stockopname/OP_QSYMB01_2669.png";NULL;"2026-07-04 03:40:08";NULL
"912";"289";"AASSO02";"Associate 200 SC 50 X 80 ml (Sample)";"2027-08-01";"-";"646";"646";"0";"Sukma";"2026-07-04 10:40:17";"17";"1";"assets/qrcode/stockopname/OP_QASET03_289.png";NULL;"2026-07-04 03:40:17";NULL
"914";"289";"AASSO02";"Associate 200 SC 50 X 80 ml (Sample)";"2027-08-01";"-";"646";"46";"12";"Ahmad";"2026-07-04 10:41:43";"17";"2";"assets/qrcode/stockopname/OP_QASET03_289.png";NULL;"2026-07-04 03:41:43";NULL
"916";"1606";"QMINE02";"Minecto Xtra 200/200 SC 50 X 100 ml";"2025-10-01";"-";"3150";"3150";"0";"Sukma";"2026-07-04 10:42:29";"17";"1";"assets/qrcode/stockopname/OP_QMETA07_1606.png";NULL;"2026-07-04 03:42:29";NULL
"917";"1605";"QMINE01";"Minecto Xtra 200/200 SC 100 X 50 ml";"2025-10-01";"-";"500";"500";"0";"Sukma";"2026-07-04 10:43:24";"17";"1";"assets/qrcode/stockopname/OP_QMETA07_1605.png";NULL;"2026-07-04 03:43:24";NULL
"918";"644";"ACURA01";"Curacron 500 EC 20 X 500 ml";"2027-03-01";"-";"80";"0";"4";"Ahmad";"2026-07-04 10:43:34";"17";"2";"assets/qrcode/stockopname/OP_QCLIN02_644.png";NULL;"2026-07-04 03:43:34";NULL
"919";"2507";"QSPRA41";"Sprayer Elektrik Quda Karisma 10 L 1 X 6 pcs";"1000-01-01";"-";"6";"6";"0";"Ahmad";"2026-07-04 10:43:57";"17";"2";"assets/qrcode/stockopname/OP_QSELT02_2507.png";NULL;"2026-07-04 03:43:57";NULL
"920";"3332";"QPASS02";"Passxone 276 SL 4 X 5 ltr";"2031-05-01";"-";"4";"0";"1";"Ahmad";"2026-07-04 10:44:07";"17";"2";"assets/qrcode/stockopname/OP_QPASS02_3332.png";NULL;"2026-07-04 03:44:07";NULL
"922";"1577";"QMETI07";"Metindo 40 SP 40 X 400 gr";"2030-12-01";"-";"120";"0";"3";"Ahmad";"2026-07-04 10:44:20";"17";"2";"assets/qrcode/stockopname/OP_QMEGA12_1577.png";NULL;"2026-07-04 03:44:20";NULL
"923";"260";"QARME01";"Armeira 30 WG 10 X 20 X 50 gr";"2025-06-01";"-";"1000";"0";"5";"Sukma";"2026-07-04 10:44:25";"17";"1";"assets/qrcode/stockopname/OP_QANET08_260.png";NULL;"2026-07-04 03:44:25";NULL
"924";"856";"QFENV01";"Fenval 200 EC 15 X 1 ltr";"2031-01-01";"-";"1";"1";"0";"Ahmad";"2026-07-04 10:44:36";"17";"2";"assets/qrcode/stockopname/OP_QETHR02_856.png";NULL;"2026-07-04 03:44:36";NULL
"925";"1950";"QPENT02";"Penta Up-Z 480 SL 20 X 1 ltr + 1 pack Penta-Furon 5 gr";"2030-11-01";"-";"20";"0";"1";"Ahmad";"2026-07-04 10:45:03";"17";"2";"assets/qrcode/stockopname/OP_QPAKE17_1950.png";NULL;"2026-07-04 03:45:03";NULL
"926";"1432";"QLUDE02";"Ludes 50 EC 30 X 250 ml";"2028-10-01";"-";"30";"0";"1";"Ahmad";"2026-07-04 10:45:18";"17";"2";"assets/qrcode/stockopname/OP_QLANC01_1432.png";NULL;"2026-07-04 03:45:18";NULL
"927";"1908";"APAPA01";"Papandayan 486 SL 20 X 1 ltr";"2030-11-01";"-";"20";"0";"1";"Ahmad";"2026-07-04 10:45:26";"17";"2";"assets/qrcode/stockopname/OP_QNPKN07_1908.png";NULL;"2026-07-04 03:45:26";NULL
"928";"2774";"QVISH01";"Vishaka 200 EC 20 X 500 ml";"2028-12-01";"-";"46";"6";"2";"Ahmad";"2026-07-04 10:45:37";"17";"2";"assets/qrcode/stockopname/OP_QTOPS02_2774.png";NULL;"2026-07-04 03:45:37";NULL
"929";"3333";"QMULS21";"Mulsa Karisma 60 cm / 20 kg (Roll)";"1000-01-01";"-";"1";"1";"0";"Ahmad";"2026-07-04 10:45:49";"17";"2";"assets/qrcode/stockopname/OP_QMULS21_3333.png";NULL;"2026-07-04 03:45:49";NULL
"930";"427";"CBION01";"Bionik 400 EC 20 X 500 ml";"2031-05-01";"-";"20";"0";"1";"Ahmad";"2026-07-04 10:46:09";"17";"2";"assets/qrcode/stockopname/OP_QBEST06_427.png";NULL;"2026-07-04 03:46:09";NULL
"931";"3334";"QTANG52";"Tangki Swan 16 ltr F (BTR) Kuningan";"1000-01-01";"-";"1";"1";"0";"Ahmad";"2026-07-04 10:46:19";"17";"2";"assets/qrcode/stockopname/OP_QTANG52_3334.png";NULL;"2026-07-04 03:46:19";NULL
"932";"2218";"QQIUV15";"Qiuvita Merah 16.11.32 100 X 100 gr (Sample)";"2024-11-01";"-";"2305";"5";"23";"Ahmad";"2026-07-04 10:46:42";"17";"2";"assets/qrcode/stockopname/OP_APUPU25_2218.png";NULL;"2026-07-04 03:46:42";NULL
"935";"1825";"ANPKD08";"NPK Dinar 15-9-20 25 kg";"1000-01-01";"-";"1";"1";"0";"Ahmad";"2026-07-04 10:47:24";"17";"2";"assets/qrcode/stockopname/OP_QNATI02_1825.png";NULL;"2026-07-04 03:47:24";NULL
"936";"2818";"AYOTO01";"Yoto Perfume Spray 118 X 120 ml";"2023-11-01";"-";"91";"91";"0";"Ahmad";"2026-07-04 10:47:45";"17";"2";"assets/qrcode/stockopname/OP_QULTR01_2818.png";NULL;"2026-07-04 03:47:45";NULL
"937";"1605";"QMINE01";"Minecto Xtra 200/200 SC 100 X 50 ml";"2025-10-01";"-";"3";"3";"0";"Ahmad";"2026-07-04 10:47:56";"17";"2";"assets/qrcode/stockopname/OP_QMETA07_1605.png";NULL;"2026-07-04 03:47:56";NULL
"938";"2211";"QQIUV16";"Qiuvita Hijau 32.11.11 100 X 100 gr (Sample)";"2024-11-01";"-";"1249";"49";"12";"Ahmad";"2026-07-04 10:48:41";"17";"2";"assets/qrcode/stockopname/OP_APUMP01_2211.png";NULL;"2026-07-04 03:48:41";NULL
"939";"2210";"QQIUV16";"Qiuvita Hijau 32.11.11 100 X 100 gr (Sample)";"2024-10-01";"-";"541";"41";"5";"Ahmad";"2026-07-04 10:48:53";"17";"2";"assets/qrcode/stockopname/OP_QPROG02_2210.png";NULL;"2026-07-04 03:48:53";NULL
"940";"2315";"AROUN03";"Round Up 486 SL 4 X 4 ltr";"2031-04-01";"-";"16";"0";"4";"Ahmad";"2026-07-04 10:49:15";"17";"2";"assets/qrcode/stockopname/OP_QQIUV06_2315.png";NULL;"2026-07-04 03:49:15";NULL
"941";"2370";"QSATU02";"Saturn Plus 20 X 500 ml";"2029-04-01";"-";"60";"0";"3";"Ahmad";"2026-07-04 10:49:32";"17";"2";"assets/qrcode/stockopname/OP_QRIDO02_2370.png";NULL;"2026-07-04 03:49:32";NULL
"942";"2371";"QSATU02";"Saturn Plus 20 X 500 ml";"2029-11-01";"-";"20";"0";"1";"Ahmad";"2026-07-04 10:49:39";"17";"2";"assets/qrcode/stockopname/OP_QRIDO03_2371.png";NULL;"2026-07-04 03:49:39";NULL
"943";"1365";"ALABE01";"Label Piraklo 250 ml lama";"1000-01-01";"-";"951";"951";"0";"Sukma";"2026-07-04 10:52:05";"17";"1";"assets/qrcode/stockopname/OP_QKNO303_1365.png";NULL;"2026-07-04 03:52:05";NULL
"944";"1365";"ALABE01";"Label Piraklo 250 ml lama";"1000-01-01";"-";"951";"951";"0";"Ahmad";"2026-07-04 10:52:07";"17";"2";"assets/qrcode/stockopname/OP_QKNO303_1365.png";NULL;"2026-07-04 03:52:07";NULL
"945";"1366";"ALABE03";"Label Piraklo 250ml (Logo MIA)";"1000-01-01";"-";"80";"80";"0";"Sukma";"2026-07-04 10:52:18";"17";"1";"assets/qrcode/stockopname/OP_QKNO303_1366.png";NULL;"2026-07-04 03:52:18";NULL
"946";"1366";"ALABE03";"Label Piraklo 250ml (Logo MIA)";"1000-01-01";"-";"80";"80";"0";"Ahmad";"2026-07-04 10:52:24";"17";"2";"assets/qrcode/stockopname/OP_QKNO303_1366.png";NULL;"2026-07-04 03:52:24";NULL
"947";"1363";"ALABE02";"Label botol desanto 100 ml";"1000-01-01";"-";"54";"54";"0";"Sukma";"2026-07-04 10:52:49";"17";"1";"assets/qrcode/stockopname/OP_QKNO303_1363.png";NULL;"2026-07-04 03:52:49";NULL
"948";"1363";"ALABE02";"Label botol desanto 100 ml";"1000-01-01";"-";"54";"54";"0";"Ahmad";"2026-07-04 10:52:52";"17";"2";"assets/qrcode/stockopname/OP_QKNO303_1363.png";NULL;"2026-07-04 03:52:52";NULL
"951";"1281";"AKLEP02";"Klep Kulit 17 ltr Star Metal";"1000-01-01";"-";"100";"100";"0";"Ahmad";"2026-07-04 10:58:53";"17";"2";"assets/qrcode/stockopname/OP_QKALI09_1281.png";NULL;"2026-07-04 03:58:53";NULL
"952";"1941";"QPELA02";"Pelatuk/Trigger";"1000-01-01";"-";"15";"15";"0";"Ahmad";"2026-07-04 10:59:19";"17";"2";"assets/qrcode/stockopname/OP_QORON01_1941.png";NULL;"2026-07-04 03:59:19";NULL
"953";"2695";"ATUTU08";"Tutup botol desanto 100 ml";"1000-01-01";"-";"107";"107";"0";"Ahmad";"2026-07-04 11:03:32";"17";"2";"assets/qrcode/stockopname/OP_QTANG49_2695.png";NULL;"2026-07-04 04:03:32";NULL
"954";"2698";"ATUTU09";"Tutup Botol Piraklo 250ml (Logo MIA)";"1000-01-01";"-";"108";"108";"0";"Ahmad";"2026-07-04 11:03:49";"17";"2";"assets/qrcode/stockopname/OP_ATANG57_2698.png";NULL;"2026-07-04 04:03:49";NULL
"955";"2696";"ATUTU10";"Tutup botol desanto 250 ml";"1000-01-01";"-";"40";"40";"0";"Ahmad";"2026-07-04 11:03:56";"17";"2";"assets/qrcode/stockopname/OP_QTANG51_2696.png";NULL;"2026-07-04 04:03:56";NULL
"956";"497";"ABOTO05";"Botol Desanto 250 ml";"1000-01-01";"-";"40";"40";"0";"Ahmad";"2026-07-04 11:04:59";"17";"2";"assets/qrcode/stockopname/OP_QBML01_497.png";NULL;"2026-07-04 04:04:59";NULL
"957";"496";"ABOTO03";"Botol Desanto 100 ml";"1000-01-01";"-";"61";"61";"0";"Ahmad";"2026-07-04 11:05:20";"17";"2";"assets/qrcode/stockopname/OP_QBMJ01_496.png";NULL;"2026-07-04 04:05:20";NULL
"958";"2046";"APOP01";"Popzole 525 SE 48 X 240 ml";"2026-08-01";"-";"48";"48";"0";"Sukma";"2026-07-04 11:17:24";"17";"1";"assets/qrcode/stockopname/OP_APESN01_2046.png";NULL;"2026-07-04 04:17:24";NULL
"959";"2669";"QTRIG01";"Trigard 75 WP 10 X 10 X 50 gr";"2026-05-01";"-";"1100";"0";"11";"Sukma";"2026-07-04 11:17:42";"17";"1";"assets/qrcode/stockopname/OP_QSYMB01_2669.png";NULL;"2026-07-04 04:17:42";NULL
"960";"261";"QARME01";"Armeira 30 WG 10 X 20 X 50 gr";"2025-10-01";"-";"20800";"0";"104";"Sukma";"2026-07-04 11:25:17";"17";"1";"assets/qrcode/stockopname/OP_QANTR01_261.png";NULL;"2026-07-04 04:25:17";NULL
"962";"2468";"QSKIE01";"Skies 4 X 5 ltr";"2025-04-01";"-";"92";"0";"23";"Sukma";"2026-07-04 11:30:08";"17";"1";"assets/qrcode/stockopname/OP_QSATU02_2468.png";NULL;"2026-07-04 04:30:08";NULL
"963";"2468";"QSKIE01";"Skies 4 X 5 ltr";"2025-04-01";"-";"92";"0";"23";"Ahmad";"2026-07-04 11:30:09";"17";"2";"assets/qrcode/stockopname/OP_QSATU02_2468.png";NULL;"2026-07-04 04:30:09";NULL
"964";"1963";"APHEN01";"Phenol (Sample)";"1000-01-01";"-";"3";"3";"0";"Ahmad";"2026-07-04 11:32:57";"17";"2";"assets/qrcode/stockopname/OP_QPAKE01_1963.png";NULL;"2026-07-04 04:32:57";NULL
"967";"2481";"ASPIE01";"Spie Pen";"1000-01-01";"-";"24";"24";"0";"Ahmad";"2026-07-04 11:37:21";"17";"2";"assets/qrcode/stockopname/OP_QSCOR03_2481.png";NULL;"2026-07-04 04:37:21";NULL
"968";"2447";"ASINA02";"Sinasen 300 SC 40 X 250 ml (Sample)";"2028-06-01";"-";"4";"4";"0";"Ahmad";"2026-07-04 11:38:53";"17";"2";"assets/qrcode/stockopname/OP_QSAMI02_2447.png";NULL;"2026-07-04 04:38:53";NULL
"969";"3385";"APESN01";"Pesnab Green 220 EC 500 ml";"2028-05-01";"-";"18";"18";"0";"Ahmad";"2026-07-04 11:39:49";"17";"2";"assets/qrcode/stockopname/OP_APESN01_3385.png";NULL;"2026-07-04 04:39:49";NULL
"970";"1710";"AMULS48";"Mulsa Ori Gajah 0.3 60 cm X 18 kg (Roll) Sample";"1000-01-01";"-";"1";"1";"0";"Ahmad";"2026-07-04 11:41:25";"17";"2";"assets/qrcode/stockopname/OP_QMRQL01_1710.png";NULL;"2026-07-04 04:41:25";NULL
"971";"1712";"AMULS49";"Mulsa Ori Gajah 0.3 60 cm X 9 kg (Roll) Sample";"1000-01-01";"-";"1";"1";"0";"Ahmad";"2026-07-04 11:41:33";"17";"2";"assets/qrcode/stockopname/OP_QMRGL03_1712.png";NULL;"2026-07-04 04:41:33";NULL
"972";"1719";"AMULS51";"Mulsa Ori Universal 0.25 60 cm X 9 kg (Roll) Sample";"1000-01-01";"-";"1";"1";"0";"Ahmad";"2026-07-04 11:41:43";"17";"2";"assets/qrcode/stockopname/OP_QMRQL02_1719.png";NULL;"2026-07-04 04:41:43";NULL
"973";"1534";"AMETA06";"Metachlor 650 EC 50 ml (S)";"1000-01-01";"-";"41";"41";"0";"Ahmad";"2026-07-04 13:05:16";"17";"2";"assets/qrcode/stockopname/OP_QMAMI06_1534.png";NULL;"2026-07-04 06:05:16";NULL
"974";"1954";"APENT02";"Pentazol 80 X 60 gr (Sample)";"1000-01-01";"-";"80";"80";"0";"Ahmad";"2026-07-04 13:05:39";"17";"2";"assets/qrcode/stockopname/OP_QPAKE12_1954.png";NULL;"2026-07-04 06:05:39";NULL
"975";"1954";"APENT02";"Pentazol 80 X 60 gr (Sample)";"1000-01-01";"-";"80";"80";"0";"Sukma";"2026-07-04 13:06:12";"17";"1";"assets/qrcode/stockopname/OP_QPAKE12_1954.png";NULL;"2026-07-04 06:06:12";NULL
"976";"1534";"AMETA06";"Metachlor 650 EC 50 ml (S)";"1000-01-01";"-";"41";"41";"0";"Sukma";"2026-07-04 13:06:42";"17";"1";"assets/qrcode/stockopname/OP_QMAMI06_1534.png";NULL;"2026-07-04 06:06:42";NULL
"977";"2197";"QQIUV11";"Qiuvita Biru 16.32.16 100 X 100 gr (Sample)";"2023-11-01";"-";"23";"23";"0";"Sukma";"2026-07-04 13:19:05";"17";"1";"assets/qrcode/stockopname/OP_QPRIM32_2197.png";NULL;"2026-07-04 06:19:05";NULL
"978";"2197";"QQIUV11";"Qiuvita Biru 16.32.16 100 X 100 gr (Sample)";"2023-11-01";"-";"23";"23";"0";"Ahmad";"2026-07-04 13:25:00";"17";"2";"assets/qrcode/stockopname/OP_QPRIM32_2197.png";NULL;"2026-07-04 06:25:00";NULL
"979";"2196";"QQIUV11";"Qiuvita Biru 16.32.16 100 X 100 gr (Sample)";"2023-07-01";"-";"1040";"1040";"0";"Ahmad";"2026-07-04 13:25:34";"17";"2";"assets/qrcode/stockopname/OP_QPRIM32_2196.png";NULL;"2026-07-04 06:25:34";NULL
